Day,mean_ppmv,Year
1,2.933998610701761e-06,2008
2,2.9638746638209687e-06,2008
3,2.9497967980481413e-06,2008
4,2.946809347028237e-06,2008
5,2.914323755361354e-06,2008
6,2.864040471176262e-06,2008
7,2.889775536269558e-06,2008
8,2.8999365096682456e-06,2008
9,2.9338842603486164e-06,2008
10,2.861655107136165e-06,2008
11,2.872412740978642e-06,2008
12,2.8555732630599766e-06,2008
13,2.851953641408906e-06,2008
14,2.8687574310530656e-06,2008
15,2.8860820979224913e-06,2008
16,2.9041446162846453e-06,2008
17,2.8808469006106895e-06,2008
18,2.8398332539440954e-06,2008
19,2.879700168304187e-06,2008
20,2.8480255200149107e-06,2008
21,2.8216755699701935e-06,2008
22,2.8032379782396413e-06,2008
23,2.8027409723844393e-06,2008
24,2.8463598571178468e-06,2008
25,2.819777213312932e-06,2008
26,2.8175508504476825e-06,2008
27,2.822580583629091e-06,2008
28,2.7927564250504175e-06,2008
29,2.8327826470952112e-06,2008
30,2.8276422487373043e-06,2008
31,2.814532106299877e-06,2008
32,2.8522042516650596e-06,2008
33,2.806959289964606e-06,2008
34,2.8343565148562736e-06,2008
35,2.8277952129214277e-06,2008
36,2.7852913464304134e-06,2008
37,2.788512868938845e-06,2008
38,2.82947341545305e-06,2008
39,2.7921821913311446e-06,2008
40,2.7500355801273622e-06,2008
41,2.7807264484400422e-06,2008
42,2.7313937696378657e-06,2008
43,2.7184084645110627e-06,2008
44,2.7309566768682636e-06,2008
45,2.71456116642292e-06,2008
46,2.6652407234485297e-06,2008
47,2.692115468696095e-06,2008
48,2.65844969205173e-06,2008
49,2.637711391095298e-06,2008
50,2.5936994811052103e-06,2008
51,2.618379331805104e-06,2008
52,2.6383756475450838e-06,2008
53,2.636994298978469e-06,2008
54,2.6382292436018846e-06,2008
55,2.611729537457199e-06,2008
56,2.6936009186462214e-06,2008
57,2.649701058240795e-06,2008
58,2.6255017317404946e-06,2008
59,2.7086662868081057e-06,2008
60,2.63651284982503e-06,2008
61,2.5955918725890465e-06,2008
62,2.6019857774410947e-06,2008
63,2.567037146479458e-06,2008
64,2.5417384618952857e-06,2008
65,2.517202144854061e-06,2008
66,2.4961482981333236e-06,2008
67,2.5320145234407777e-06,2008
68,2.550251794957991e-06,2008
69,2.511717466598987e-06,2008
70,2.5070226624327205e-06,2008
71,2.521816643215448e-06,2008
72,2.4572445311054334e-06,2008
73,2.440778872393462e-06,2008
74,2.3929291240934114e-06,2008
75,2.3705518468218187e-06,2008
76,2.3489179544574797e-06,2008
77,2.30534996369854e-06,2008
78,2.3362973020517276e-06,2008
79,2.315073366409514e-06,2008
80,2.2820204496430372e-06,2008
81,2.2894631516379976e-06,2008
82,2.3305112469727046e-06,2008
83,2.2702699690977903e-06,2008
84,2.2131281490932913e-06,2008
85,2.200011285998853e-06,2008
86,2.220924708864872e-06,2008
87,2.2288463634948276e-06,2008
88,2.170373785147745e-06,2008
89,2.1583201907301317e-06,2008
90,2.1338424094997717e-06,2008
91,2.1306414621468796e-06,2008
92,2.200914333395691e-06,2008
93,2.237539912581659e-06,2008
94,2.230163565923862e-06,2008
95,2.1948735424015253e-06,2008
96,2.197238268651881e-06,2008
97,2.2684936841720454e-06,2008
98,2.3176397270614055e-06,2008
99,2.29040048338086e-06,2008
100,2.287539889268444e-06,2008
101,2.262176423408138e-06,2008
102,2.1975395737559752e-06,2008
103,2.1832085488376396e-06,2008
104,2.2567321685754536e-06,2008
105,2.3408562583784965e-06,2008
106,2.4280090910447783e-06,2008
107,2.542821376034053e-06,2008
108,2.6065752936914535e-06,2008
109,2.5626768780380396e-06,2008
110,2.493682530826291e-06,2008
111,2.4057916147867913e-06,2008
112,2.3055390376543484e-06,2008
113,2.351770525014675e-06,2008
114,2.5564648397472004e-06,2008
115,2.6879741873857803e-06,2008
116,2.6718588705258803e-06,2008
117,2.659737686652237e-06,2008
118,2.5973053806619932e-06,2008
119,2.621584484715173e-06,2008
120,2.6401329103978637e-06,2008
121,2.6874527214580344e-06,2008
122,2.655149542592988e-06,2008
123,2.5447717529334835e-06,2008
124,2.5883425809158228e-06,2008
125,2.5879812804468314e-06,2008
126,2.4566566958190426e-06,2008
127,2.4658678313849264e-06,2008
128,2.5422363296556725e-06,2008
129,2.5580780598038036e-06,2008
130,2.5894372769103214e-06,2008
131,2.5627054642606972e-06,2008
132,2.474634149761465e-06,2008
133,2.4438275625422184e-06,2008
134,2.4380515268712184e-06,2008
135,2.4616071301038785e-06,2008
136,2.4674014197454424e-06,2008
137,2.501804110695517e-06,2008
138,2.470619347463291e-06,2008
139,2.4329113649446494e-06,2008
140,2.374169272376284e-06,2008
141,2.355124427092402e-06,2008
142,2.3749586724362907e-06,2008
143,2.401373152712669e-06,2008
144,2.418566848392866e-06,2008
145,2.4318890080485057e-06,2008
146,2.512667729506478e-06,2008
147,2.6001904466684246e-06,2008
148,2.6197181638542294e-06,2008
149,2.6578276612923696e-06,2008
150,2.6675387608054054e-06,2008
151,2.7097091058243528e-06,2008
152,2.6937861196069297e-06,2008
153,2.7113302589357326e-06,2008
1,2.739946563879421e-06,2005
2,2.7657724472545706e-06,2005
3,2.730252682401201e-06,2005
4,2.7209572927342725e-06,2005
5,2.6904422165124036e-06,2005
6,2.6914207300011505e-06,2005
7,2.6753828215171544e-06,2005
8,2.6757891784539116e-06,2005
9,2.65628768889775e-06,2005
10,2.6388382682964e-06,2005
11,2.635074644679524e-06,2005
12,2.6393320047813882e-06,2005
13,2.6393320047813882e-06,2005
14,2.625241264566468e-06,2005
15,2.6281278633462627e-06,2005
16,2.6125318291724154e-06,2005
17,2.6421007838778925e-06,2005
18,2.592656367337077e-06,2005
19,2.65004309494645e-06,2005
20,2.660326033455597e-06,2005
21,2.6360795101571035e-06,2005
22,2.6068485067597968e-06,2005
23,2.5955083159275034e-06,2005
24,2.607683345258787e-06,2005
25,2.6111594468572894e-06,2005
26,2.618290268193748e-06,2005
27,2.5870599607394185e-06,2005
28,2.5750865198379515e-06,2005
29,2.534260652087929e-06,2005
30,2.5344577911053183e-06,2005
31,2.548880930670489e-06,2005
32,2.5452141691621694e-06,2005
33,2.576436790896663e-06,2005
34,2.5892456308066323e-06,2005
35,2.551074829497087e-06,2005
36,2.5442960382841797e-06,2005
37,2.5627202894305624e-06,2005
38,2.561296379483361e-06,2005
39,2.5378473281304187e-06,2005
40,2.5233308742627094e-06,2005
41,2.4889741638654277e-06,2005
42,2.469762723585261e-06,2005
43,2.4721240804217836e-06,2005
44,2.467026662757296e-06,2005
45,2.461607058778569e-06,2005
46,2.460974590656337e-06,2005
47,2.5093746261933646e-06,2005
48,2.506030164906791e-06,2005
49,2.491547615617013e-06,2005
50,2.4807033063363455e-06,2005
51,2.455855223931672e-06,2005
52,2.445227448289059e-06,2005
53,2.429252678776718e-06,2005
54,2.3949129826849545e-06,2005
55,2.3942681865409696e-06,2005
56,2.3978756539288017e-06,2005
57,2.4174846670815177e-06,2005
58,2.4554640329311505e-06,2005
59,2.5019762195913588e-06,2005
60,2.4743744113875968e-06,2005
61,2.457213724262715e-06,2005
62,2.4639862496996145e-06,2005
63,2.455655405786035e-06,2005
64,2.519196106065518e-06,2005
65,2.4651543660957105e-06,2005
66,2.414926176715463e-06,2005
67,2.4328817220348897e-06,2005
68,2.486454657981941e-06,2005
69,2.500131554125526e-06,2005
70,2.5181816920695532e-06,2005
71,2.4085021723993326e-06,2005
72,2.2514168907750383e-06,2005
73,2.2083144807109576e-06,2005
74,2.2991054804945763e-06,2005
75,2.3257944616992883e-06,2005
76,2.294504570853826e-06,2005
77,2.2701534822860713e-06,2005
78,2.153603614143892e-06,2005
79,2.109396390319904e-06,2005
80,2.0588638149521194e-06,2005
81,2.066608248553739e-06,2005
82,2.163272693719651e-06,2005
83,2.438059622872952e-06,2005
84,2.5986605886552515e-06,2005
85,2.3866067858834466e-06,2005
86,2.3365350121062695e-06,2005
87,2.36286157793588e-06,2005
88,2.3379347064612603e-06,2005
89,2.2297599390572813e-06,2005
90,2.1710168409078895e-06,2005
91,2.172276571024851e-06,2005
92,2.1392159357934205e-06,2005
93,2.1339770768570094e-06,2005
94,2.122304005672908e-06,2005
95,2.3155270333158207e-06,2005
96,2.375276027811603e-06,2005
97,2.2463981528556814e-06,2005
98,2.493602680585997e-06,2005
99,2.7790674427339922e-06,2005
100,2.8943814140703866e-06,2005
101,2.9087888208001396e-06,2005
102,2.885245774032773e-06,2005
103,2.8257952907910887e-06,2005
104,2.7082707858278783e-06,2005
105,2.6581650081856577e-06,2005
106,2.689896762704231e-06,2005
107,2.7362506511684276e-06,2005
108,2.72072268520126e-06,2005
109,2.6992502176384022e-06,2005
110,2.638323281388776e-06,2005
111,2.437657387276757e-06,2005
112,2.437657387276757e-06,2005
113,2.4091559767760733e-06,2005
114,2.4560774148220223e-06,2005
115,2.5150331705724586e-06,2005
116,2.5995790572382503e-06,2005
117,2.592880074992633e-06,2005
118,2.6207935080471307e-06,2005
119,2.5635653896806304e-06,2005
120,2.5485036719435173e-06,2005
121,2.564964798076971e-06,2005
122,2.7089370057429672e-06,2005
123,2.8162559982971445e-06,2005
124,2.838681710495745e-06,2005
125,2.686096348147082e-06,2005
126,2.6926689623144156e-06,2005
127,2.6347054541765293e-06,2005
128,2.6009908415421624e-06,2005
129,2.6919622191685393e-06,2005
130,2.722405309314255e-06,2005
131,2.786398398214144e-06,2005
132,2.9038472448219526e-06,2005
133,3.0355887524480326e-06,2005
134,3.1645163378757065e-06,2005
135,3.244652247267279e-06,2005
136,3.2986588757829285e-06,2005
137,3.315050184195027e-06,2005
138,3.3016641222324133e-06,2005
139,3.260910477170723e-06,2005
140,3.2256767813521135e-06,2005
141,3.186518771377949e-06,2005
142,3.113664998954906e-06,2005
143,3.050988363767906e-06,2005
144,3.118727571418428e-06,2005
145,3.2025857732563334e-06,2005
146,3.1891597974525037e-06,2005
147,3.1359835570128085e-06,2005
148,3.109240809651729e-06,2005
149,3.0750872474001443e-06,2005
150,3.001120779311972e-06,2005
151,2.938664105857318e-06,2005
152,2.879347236370157e-06,2005
153,2.840037057932493e-06,2005
1,2.7596293268814188e-06,2006
2,2.768214801142137e-06,2006
3,2.714231680344507e-06,2006
4,2.7202080641638524e-06,2006
5,2.7687449007476773e-06,2006
6,2.770575367583042e-06,2006
7,2.730016754262117e-06,2006
8,2.7166973083976436e-06,2006
9,2.755499512679642e-06,2006
10,2.7403075205280475e-06,2006
11,2.7201206958386454e-06,2006
12,2.729946222486546e-06,2006
13,2.716642816125882e-06,2006
14,2.7322820338856814e-06,2006
15,2.7972592403078396e-06,2006
16,2.7776816059496033e-06,2006
17,2.745161454712698e-06,2006
18,2.741147795756253e-06,2006
19,2.750448691002618e-06,2006
20,2.7409911078647064e-06,2006
21,2.710237014809107e-06,2006
22,2.7188708491202714e-06,2006
23,2.709074973858379e-06,2006
24,2.6817811391695025e-06,2006
25,2.7256117062448964e-06,2006
26,2.7269835734846616e-06,2006
27,2.7279025294982505e-06,2006
28,2.7362072206218574e-06,2006
29,2.730754262038066e-06,2006
30,2.751371851717268e-06,2006
31,2.7448040859750915e-06,2006
32,2.720526289027717e-06,2006
33,2.710419629293026e-06,2006
34,2.7237612665961617e-06,2006
35,2.699771714800325e-06,2006
36,2.6959496309872463e-06,2006
37,2.6725288328258404e-06,2006
38,2.6635591417441563e-06,2006
39,2.6174447663168307e-06,2006
40,2.581479711573519e-06,2006
41,2.5669911750241396e-06,2006
42,2.557600908684307e-06,2006
43,2.5929565660180467e-06,2006
44,2.588464982281913e-06,2006
45,2.56285702793858e-06,2006
46,2.564854568726371e-06,2006
47,2.5800859675132275e-06,2006
48,2.53810187230217e-06,2006
49,2.5226037510637963e-06,2006
50,2.5400897336849527e-06,2006
51,2.572075017815633e-06,2006
52,2.5100395636177375e-06,2006
53,2.4671582688248937e-06,2006
54,2.5097379043721365e-06,2006
55,2.4439801497121524e-06,2006
56,2.417650721878322e-06,2006
57,2.3962284007225743e-06,2006
58,2.422500150516426e-06,2006
59,2.3559570616543727e-06,2006
60,2.355621848414352e-06,2006
61,2.356621732512509e-06,2006
62,2.3959286487698165e-06,2006
63,2.4001128294193516e-06,2006
64,2.4230384661704064e-06,2006
65,2.379519269477583e-06,2006
66,2.358720449116248e-06,2006
67,2.3281106243662102e-06,2006
68,2.269906332442495e-06,2006
69,2.240002410369166e-06,2006
70,2.2707933130398043e-06,2006
71,2.271287036099535e-06,2006
72,2.260744858263702e-06,2006
73,2.231140299864152e-06,2006
74,2.236805745930479e-06,2006
75,2.218079244154698e-06,2006
76,2.2349184053930755e-06,2006
77,2.2632576534627146e-06,2006
78,2.2436521866889505e-06,2006
79,2.22210182394582e-06,2006
80,2.1706768661047013e-06,2006
81,2.173949105676024e-06,2006
82,2.162602310658076e-06,2006
83,2.1702974092253417e-06,2006
84,2.1609220076768744e-06,2006
85,2.248933434564185e-06,2006
86,2.3579519578185458e-06,2006
87,2.2965640697550627e-06,2006
88,2.244812986192044e-06,2006
89,2.274441255832721e-06,2006
90,2.286779699645944e-06,2006
91,2.293240877591445e-06,2006
92,2.2986424747149153e-06,2006
93,2.3228239502092653e-06,2006
94,2.3814084558798322e-06,2006
95,2.4727521148882076e-06,2006
96,2.3929255085365617e-06,2006
97,2.288475427263187e-06,2006
98,2.2718053645639744e-06,2006
99,2.2513853326232374e-06,2006
100,2.179525857789743e-06,2006
101,2.192495898208225e-06,2006
102,2.222670390864449e-06,2006
103,2.2792581990473593e-06,2006
104,2.2827312957060387e-06,2006
105,2.321363214612412e-06,2006
106,2.2226932406627295e-06,2006
107,2.259468052511926e-06,2006
108,2.3121835678671257e-06,2006
109,2.3790949323331563e-06,2006
110,2.4201900446575174e-06,2006
111,2.5269201706763757e-06,2006
112,2.5943780419584258e-06,2006
113,2.561447130907685e-06,2006
114,2.5287397455262867e-06,2006
115,2.6990761843862573e-06,2006
116,2.631724158648058e-06,2006
117,2.4876379673619443e-06,2006
118,2.3957455290054228e-06,2006
119,2.3796380578382623e-06,2006
120,2.318970978112006e-06,2006
121,2.4036640747736116e-06,2006
122,2.4934876758034525e-06,2006
123,2.4235378074446925e-06,2006
124,2.4404118542287616e-06,2006
125,2.554564602728731e-06,2006
126,2.554564602728731e-06,2006
127,2.3706548658452085e-06,2006
128,2.3131799542093303e-06,2006
129,2.29504576197338e-06,2006
130,2.3513187429686972e-06,2006
131,2.3718671560177555e-06,2006
132,2.3770290428482327e-06,2006
133,2.398544292965859e-06,2006
134,2.437472481888123e-06,2006
135,2.4869702264660183e-06,2006
136,2.498205531968426e-06,2006
137,2.50810466138897e-06,2006
138,2.5367504625102625e-06,2006
139,2.5522198204072625e-06,2006
140,2.578360001512229e-06,2006
141,2.6064257734792482e-06,2006
142,2.6297393850625975e-06,2006
143,2.6519637423992826e-06,2006
144,2.718465220856453e-06,2006
145,2.7489249898039676e-06,2006
146,2.7582604302190196e-06,2006
147,2.7172546492588494e-06,2006
148,2.6636997959524786e-06,2006
149,2.6090670741737005e-06,2006
150,2.587862114150891e-06,2006
151,2.6586225607413537e-06,2006
152,2.6828385930977773e-06,2006
153,2.82368209617775e-06,2006
1,2.6667809269260536e-06,2007
2,2.693758009302887e-06,2007
3,2.7344256623887574e-06,2007
4,2.635099176979773e-06,2007
5,2.620222739000795e-06,2007
6,2.6746470994692525e-06,2007
7,2.6674357618242186e-06,2007
8,2.6156736349747546e-06,2007
9,2.591189530793989e-06,2007
10,2.5973225916744678e-06,2007
11,2.6308941245613693e-06,2007
12,2.6024315725063593e-06,2007
13,2.6140625232590186e-06,2007
14,2.6089494610042816e-06,2007
15,2.6219641317894153e-06,2007
16,2.5887370857501354e-06,2007
17,2.5812161899283427e-06,2007
18,2.5780555709632915e-06,2007
19,2.622411788155807e-06,2007
20,2.5777839337048053e-06,2007
21,2.5872879894526656e-06,2007
22,2.5747333368862932e-06,2007
23,2.5309306829220397e-06,2007
24,2.565204383714117e-06,2007
25,2.5427577027529976e-06,2007
26,2.5410393067653108e-06,2007
27,2.535474654234918e-06,2007
28,2.5110209524206005e-06,2007
29,2.532502830550053e-06,2007
30,2.5321340328000185e-06,2007
31,2.561682894835624e-06,2007
32,2.4989404005849643e-06,2007
33,2.4811860642373966e-06,2007
34,2.484547516416148e-06,2007
35,2.46095557831059e-06,2007
36,2.4887428324969525e-06,2007
37,2.486292330970728e-06,2007
38,2.4783498329627325e-06,2007
39,2.546969579865441e-06,2007
40,2.532713001326552e-06,2007
41,2.496030561954188e-06,2007
42,2.453754652621145e-06,2007
43,2.442000136456032e-06,2007
44,2.487674004570533e-06,2007
45,2.4994808194145184e-06,2007
46,2.4583891649911456e-06,2007
47,2.455243424073273e-06,2007
48,2.459969536392993e-06,2007
49,2.466713412298709e-06,2007
50,2.4813729171874907e-06,2007
51,2.478733886155855e-06,2007
52,2.4880596644699827e-06,2007
53,2.527514302551956e-06,2007
54,2.4647147440209276e-06,2007
55,2.4611186834489395e-06,2007
56,2.4253185259508665e-06,2007
57,2.424322546118014e-06,2007
58,2.403756438032308e-06,2007
59,2.4473167750219104e-06,2007
60,2.486678140526648e-06,2007
61,2.4527469030028137e-06,2007
62,2.3947492427803213e-06,2007
63,2.3210073015931132e-06,2007
64,2.31235302621647e-06,2007
65,2.3171902223958866e-06,2007
66,2.321417305823344e-06,2007
67,2.301907127858678e-06,2007
68,2.3430700563930435e-06,2007
69,2.346052688381855e-06,2007
70,2.3553303245041735e-06,2007
71,2.33648760420786e-06,2007
72,2.2719072201698353e-06,2007
73,2.2426494653942156e-06,2007
74,2.267183748369202e-06,2007
75,2.267043881273224e-06,2007
76,2.3010585473707577e-06,2007
77,2.2936376646260647e-06,2007
78,2.2092513805066943e-06,2007
79,2.1725552284764132e-06,2007
80,2.2083313495324375e-06,2007
81,2.293396213541991e-06,2007
82,2.4387963692854252e-06,2007
83,2.4315537173285e-06,2007
84,2.3849251836719066e-06,2007
85,2.3762094366959893e-06,2007
86,2.2978814193539582e-06,2007
87,2.256494072839355e-06,2007
88,2.2836744966776082e-06,2007
89,2.28019960726473e-06,2007
90,2.3320669778291233e-06,2007
91,2.3349077809127167e-06,2007
92,2.338069850661624e-06,2007
93,2.2873211614366884e-06,2007
94,2.33764418410301e-06,2007
95,2.3060019633071643e-06,2007
96,2.379761874281166e-06,2007
97,2.4340470354371668e-06,2007
98,2.465827910265205e-06,2007
99,2.416448506632028e-06,2007
100,2.368759332191016e-06,2007
101,2.4166428957123824e-06,2007
102,2.474843996802434e-06,2007
103,2.5344421779092694e-06,2007
104,2.5388020305763052e-06,2007
105,2.584868090996748e-06,2007
106,2.602938899976785e-06,2007
107,2.5812506228923996e-06,2007
108,2.5634614101011583e-06,2007
109,2.517754523453711e-06,2007
110,2.5235969880553273e-06,2007
111,2.516574150247663e-06,2007
112,2.5928084797186904e-06,2007
113,2.633438100677452e-06,2007
114,2.6468339473602086e-06,2007
115,2.631798665633103e-06,2007
116,2.6665006422925226e-06,2007
117,2.751215488170852e-06,2007
118,2.7100944608050048e-06,2007
119,2.6359757593577347e-06,2007
120,2.578776015107005e-06,2007
121,2.5527383616672462e-06,2007
122,2.5255884903930055e-06,2007
123,2.6018110962577604e-06,2007
124,2.6522957402792344e-06,2007
125,2.636611143295222e-06,2007
126,2.578576659655913e-06,2007
127,2.5572566078939072e-06,2007
128,2.5180183470110517e-06,2007
129,2.5180183470110517e-06,2007
130,2.453266648397616e-06,2007
131,2.424750077750905e-06,2007
132,2.409174869216182e-06,2007
133,2.4922719124340942e-06,2007
134,2.508412914672968e-06,2007
135,2.5313089996335306e-06,2007
136,2.434172250151752e-06,2007
137,2.4026449258831304e-06,2007
138,2.3790843825156687e-06,2007
139,2.356868637616026e-06,2007
140,2.384669157294622e-06,2007
141,2.4497345788243853e-06,2007
142,2.518741709690545e-06,2007
143,2.5638278469986153e-06,2007
144,2.581525645195296e-06,2007
145,2.5810633859430676e-06,2007
146,2.6602521182901557e-06,2007
147,2.7029564936867945e-06,2007
148,2.7235997478995893e-06,2007
149,2.7679041690042534e-06,2007
150,2.7979302829973714e-06,2007
151,2.8685614906679594e-06,2007
152,2.931286836236124e-06,2007
153,2.9176876693635534e-06,2007
1,2.560831759836494e-06,2009
2,2.5977385675492098e-06,2009
3,2.657990936233528e-06,2009
4,2.689425614229933e-06,2009
5,2.7148258185918724e-06,2009
6,2.7418427239338625e-06,2009
7,2.736283426881849e-06,2009
8,2.7255930333205853e-06,2009
9,2.6643755829003156e-06,2009
10,2.7077926224081465e-06,2009
11,2.6698346662232076e-06,2009
12,2.653315214380375e-06,2009
13,2.6604115491975927e-06,2009
14,2.6308336894470564e-06,2009
15,2.641759820930452e-06,2009
16,2.669301337083762e-06,2009
17,2.6830374678447528e-06,2009
18,2.654495439754402e-06,2009
19,2.6283857587196548e-06,2009
20,2.6982667850969092e-06,2009
21,2.744661074764711e-06,2009
22,2.812868304616532e-06,2009
23,2.7720124277484732e-06,2009
24,2.781397297409094e-06,2009
25,2.776345781452403e-06,2009
26,2.7331384695441816e-06,2009
27,2.6645756796712764e-06,2009
28,2.687841416568028e-06,2009
29,2.718911905211556e-06,2009
30,2.692757004681544e-06,2009
31,2.682133070788821e-06,2009
32,2.7044740318807995e-06,2009
33,2.6721654968682306e-06,2009
34,2.647517496384143e-06,2009
35,2.6089699137630047e-06,2009
36,2.6039374668875583e-06,2009
37,2.5995611598087334e-06,2009
38,2.569119227740497e-06,2009
39,2.585743504040457e-06,2009
40,2.5983691113708457e-06,2009
41,2.5702493519227187e-06,2009
42,2.5290589719583233e-06,2009
43,2.508564443804856e-06,2009
44,2.500316514740265e-06,2009
45,2.4958088867955614e-06,2009
46,2.473278754626893e-06,2009
47,2.4283307304813714e-06,2009
48,2.4226257007093134e-06,2009
49,2.387973706807139e-06,2009
50,2.3952359821750883e-06,2009
51,2.42616072087305e-06,2009
52,2.390838124764619e-06,2009
53,2.414664142511655e-06,2009
54,2.438195676715724e-06,2009
55,2.396950626616828e-06,2009
56,2.411428676307755e-06,2009
57,2.4445746044198633e-06,2009
58,2.460130796941249e-06,2009
59,2.436447047215588e-06,2009
60,2.4658312399274817e-06,2009
61,2.484123762332568e-06,2009
62,2.3873970668220674e-06,2009
63,2.3926176637423956e-06,2009
64,2.4507094573097934e-06,2009
65,2.4301502698830746e-06,2009
66,2.3877614966847435e-06,2009
67,2.3039452031883757e-06,2009
68,2.2727058964976874e-06,2009
69,2.270589520429447e-06,2009
70,2.1931433415777635e-06,2009
71,2.174911889829521e-06,2009
72,2.1939837298305868e-06,2009
73,2.1747483742174012e-06,2009
74,2.150552827542447e-06,2009
75,2.147489552859303e-06,2009
76,2.1046881465124773e-06,2009
77,2.0990638326122558e-06,2009
78,2.123786395555803e-06,2009
79,2.0908456365273935e-06,2009
80,2.0893782563742257e-06,2009
81,2.1584716320284546e-06,2009
82,2.1800932296461794e-06,2009
83,2.1733043962974478e-06,2009
84,2.180944774792031e-06,2009
85,2.179341648409187e-06,2009
86,2.1986066987302376e-06,2009
87,2.136534451861577e-06,2009
88,2.134958795385977e-06,2009
89,2.131581845882051e-06,2009
90,2.1762492307500812e-06,2009
91,2.196343582090077e-06,2009
92,2.317523365597594e-06,2009
93,2.3324573460782825e-06,2009
94,2.3665407197443634e-06,2009
95,2.530718002838625e-06,2009
96,2.58973537942415e-06,2009
97,2.592248544211209e-06,2009
98,2.3950272557692184e-06,2009
99,2.4139817400320673e-06,2009
100,2.47592368869678e-06,2009
101,2.4969132268505715e-06,2009
102,2.469282469988946e-06,2009
103,2.4827864538606745e-06,2009
104,2.535435561970693e-06,2009
105,2.548284614441497e-06,2009
106,2.6315975788767035e-06,2009
107,2.8000526885040265e-06,2009
108,2.9861258617930983e-06,2009
109,3.0527510196230466e-06,2009
110,3.106515549998634e-06,2009
111,3.09347732859783e-06,2009
112,2.997159406446833e-06,2009
113,2.8546662485525653e-06,2009
114,2.593558121091439e-06,2009
115,2.5402979139968125e-06,2009
116,2.545214922275198e-06,2009
117,2.584161636713015e-06,2009
118,2.682657082427704e-06,2009
119,2.682657082427704e-06,2009
120,2.6268092124361347e-06,2009
121,2.6821088133943987e-06,2009
122,2.6302953819374737e-06,2009
123,2.4824917907624915e-06,2009
124,2.4041320313602556e-06,2009
125,2.36989655821452e-06,2009
126,2.379085132238279e-06,2009
127,2.374437444779273e-06,2009
128,2.43161778287319e-06,2009
129,2.445572362619324e-06,2009
130,2.3383185684152182e-06,2009
131,2.3220189885362767e-06,2009
132,2.3401218829556135e-06,2009
133,2.399730766960737e-06,2009
134,2.523241811545326e-06,2009
135,2.639746013294035e-06,2009
136,2.7361535122088843e-06,2009
137,2.831556775352491e-06,2009
138,2.9526096940353273e-06,2009
139,2.9945914021648204e-06,2009
140,3.0650793780679164e-06,2009
141,3.020270568235515e-06,2009
142,2.9532734219600714e-06,2009
143,2.886597733436546e-06,2009
144,2.851677226304359e-06,2009
145,2.8940425566021574e-06,2009
146,2.917525405235119e-06,2009
147,2.982561794710304e-06,2009
148,3.0602065756392576e-06,2009
149,3.079771570358563e-06,2009
150,2.972926904795592e-06,2009
151,3.0436988891997146e-06,2009
152,3.0193916894965274e-06,2009
153,2.9937260255443844e-06,2009
1,2.915575658850775e-06,2020
2,2.8962475903718716e-06,2020
3,2.8409126968031283e-06,2020
4,2.8382245835098856e-06,2020
5,2.8377178310442223e-06,2020
6,2.8224453879824666e-06,2020
7,2.8334477378162587e-06,2020
8,2.80896766022752e-06,2020
9,2.78121296568411e-06,2020
10,2.7326774384256495e-06,2020
11,2.722266213319531e-06,2020
12,2.7687249150753014e-06,2020
13,2.7795136545664355e-06,2020
14,2.7684353052988185e-06,2020
15,2.7420224772707167e-06,2020
16,2.740773583297136e-06,2020
17,2.7188255471499555e-06,2020
18,2.7274543725220796e-06,2020
19,2.7280413215307007e-06,2020
20,2.761021030906355e-06,2020
21,2.7591930039490673e-06,2020
22,2.7594847800656563e-06,2020
23,2.7502938779511272e-06,2020
24,2.704833656732717e-06,2020
25,2.686778222142882e-06,2020
26,2.71496156773491e-06,2020
27,2.694155144468674e-06,2020
28,2.6786419334745e-06,2020
29,2.6623998487338626e-06,2020
30,2.67139031483389e-06,2020
31,2.6521731919792074e-06,2020
32,2.6362195678063764e-06,2020
33,2.620373750972627e-06,2020
34,2.591035779115677e-06,2020
35,2.6039465544775863e-06,2020
36,2.5876715173059438e-06,2020
37,2.578981969886001e-06,2020
38,2.5626883599438508e-06,2020
39,2.596396857057417e-06,2020
40,2.6184413485131608e-06,2020
41,2.615559168610954e-06,2020
42,2.6253291914963217e-06,2020
43,2.5749530984457797e-06,2020
44,2.5907391443610327e-06,2020
45,2.664450945833028e-06,2020
46,2.6459619853057673e-06,2020
47,2.6433275917962232e-06,2020
48,2.664577153145282e-06,2020
49,2.6636875013742173e-06,2020
50,2.5893218866620963e-06,2020
51,2.637275957516243e-06,2020
52,2.6320205709631856e-06,2020
53,2.573460497615553e-06,2020
54,2.680563528641323e-06,2020
55,2.621857761716627e-06,2020
56,2.6254174701645827e-06,2020
57,2.796071059384795e-06,2020
58,2.7966639540026653e-06,2020
59,2.666399754859652e-06,2020
60,2.550661127279355e-06,2020
61,2.589455204390412e-06,2020
62,2.5010097734640826e-06,2020
63,2.479125424447764e-06,2020
64,2.4562872762988384e-06,2020
65,2.4782542537226644e-06,2020
66,2.489344225640025e-06,2020
67,2.4642532973087263e-06,2020
68,2.457321094893435e-06,2020
69,2.4184416759710522e-06,2020
70,2.388365025181933e-06,2020
71,2.370286237085219e-06,2020
72,2.3432282086400284e-06,2020
73,2.4011289767036555e-06,2020
74,2.378474117128939e-06,2020
75,2.3593089508072636e-06,2020
76,2.325996763648468e-06,2020
77,2.3202186931553833e-06,2020
78,2.331122701452368e-06,2020
79,2.3121939708234782e-06,2020
80,2.306509912869659e-06,2020
81,2.2401250322280595e-06,2020
82,2.211593650106756e-06,2020
83,2.203027695724953e-06,2020
84,2.2231738198431465e-06,2020
85,2.229815180301136e-06,2020
86,2.2399676585549814e-06,2020
87,2.274386822480055e-06,2020
88,2.2178877640743378e-06,2020
89,2.1716913542343313e-06,2020
90,2.166248295040627e-06,2020
91,2.1658192164420207e-06,2020
92,2.164156125659943e-06,2020
93,2.177862560257749e-06,2020
94,2.2401806541274468e-06,2020
95,2.3025480837534502e-06,2020
96,2.2608537028548547e-06,2020
97,2.2056531998827723e-06,2020
98,2.210938525773109e-06,2020
99,2.2271946983785455e-06,2020
100,2.2027664804633625e-06,2020
101,2.2278592501296584e-06,2020
102,2.2895856759460683e-06,2020
103,2.3378531749764353e-06,2020
104,2.407738174026225e-06,2020
105,2.4802307864867704e-06,2020
106,2.50495313394997e-06,2020
107,2.4710808870683426e-06,2020
108,2.389892974832216e-06,2020
109,2.3766389094379205e-06,2020
110,2.3722939394810832e-06,2020
111,2.363247121374381e-06,2020
112,2.406473787346301e-06,2020
113,2.424622895557997e-06,2020
114,2.458054232565973e-06,2020
115,2.4265936716947714e-06,2020
116,2.380190855321327e-06,2020
117,2.325942800961103e-06,2020
118,2.2963776903495e-06,2020
119,2.2832762793910762e-06,2020
120,2.2570138483355246e-06,2020
121,2.2711394791510767e-06,2020
122,2.265057598691779e-06,2020
123,2.2635503873136075e-06,2020
124,2.291316155419495e-06,2020
125,2.297449026127165e-06,2020
126,2.310580950742325e-06,2020
127,2.2988288962187222e-06,2020
128,2.3430834646239747e-06,2020
129,2.3600923428070543e-06,2020
130,2.4537620071400514e-06,2020
131,2.511507512512111e-06,2020
132,2.5015750468702275e-06,2020
133,2.4694770990338435e-06,2020
134,2.4092804112325204e-06,2020
135,2.3738223177637734e-06,2020
136,2.319717177829346e-06,2020
137,2.3057455235567915e-06,2020
138,2.2844772217197728e-06,2020
139,2.2636798657145694e-06,2020
140,2.274598486974034e-06,2020
141,2.308734321964983e-06,2020
142,2.3409031448061766e-06,2020
143,2.350596036392991e-06,2020
144,2.3361876317658634e-06,2020
145,2.3578381984746578e-06,2020
146,2.3970449128218997e-06,2020
147,2.4131124743140387e-06,2020
148,2.4329210342163914e-06,2020
149,2.4317525932644886e-06,2020
150,2.4436860501799644e-06,2020
151,2.395276191448486e-06,2020
152,2.4493689399470285e-06,2020
153,2.5478749537321303e-06,2020
1,2.610020332565224e-06,2011
2,2.609771051618754e-06,2011
3,2.6435179606970472e-06,2011
4,2.6567982981758158e-06,2011
5,2.682125674256141e-06,2011
6,2.6065722926672367e-06,2011
7,2.6617013953114523e-06,2011
8,2.6960765605547752e-06,2011
9,2.698564754981793e-06,2011
10,2.6788978355777177e-06,2011
11,2.7330170366473867e-06,2011
12,2.7279871971460132e-06,2011
13,2.691176855190551e-06,2011
14,2.6936554145804263e-06,2011
15,2.6965558821960064e-06,2011
16,2.6997327029749637e-06,2011
17,2.726934244942211e-06,2011
18,2.67080509881388e-06,2011
19,2.6987318966047288e-06,2011
20,2.7376509341272766e-06,2011
21,2.6911806715822255e-06,2011
22,2.6476016278975232e-06,2011
23,2.6765236271775677e-06,2011
24,2.6676726504405647e-06,2011
25,2.68883171966387e-06,2011
26,2.684690099811101e-06,2011
27,2.6597448110661268e-06,2011
28,2.658970415709402e-06,2011
29,2.644191930075148e-06,2011
30,2.65045882958523e-06,2011
31,2.689393013600735e-06,2011
32,2.6254953038087997e-06,2011
33,2.586304982341601e-06,2011
34,2.5814027756948584e-06,2011
35,2.5660337784943564e-06,2011
36,2.5361625794282754e-06,2011
37,2.5030247766914276e-06,2011
38,2.51159349299522e-06,2011
39,2.488281608438521e-06,2011
40,2.564367566779946e-06,2011
41,2.5587235404105243e-06,2011
42,2.5069011874430815e-06,2011
43,2.49018059118301e-06,2011
44,2.4957759394260605e-06,2011
45,2.5176193634260558e-06,2011
46,2.5161020825289827e-06,2011
47,2.507437655976083e-06,2011
48,2.480241665231566e-06,2011
49,2.4990034445615688e-06,2011
50,2.501481356706858e-06,2011
51,2.4851503760600084e-06,2011
52,2.48061248480411e-06,2011
53,2.4358741030777064e-06,2011
54,2.469569391233153e-06,2011
55,2.413901646115821e-06,2011
56,2.382414998273344e-06,2011
57,2.4597596397022436e-06,2011
58,2.4061886959198864e-06,2011
59,2.4506235277734794e-06,2011
60,2.462282402550798e-06,2011
61,2.413694483914182e-06,2011
62,2.53697143834341e-06,2011
63,2.533798887408819e-06,2011
64,2.4086347015647305e-06,2011
65,2.4086027787589354e-06,2011
66,2.365312679379823e-06,2011
67,2.3452322102520056e-06,2011
68,2.3526002252155356e-06,2011
69,2.3440516081218164e-06,2011
70,2.3133508070815237e-06,2011
71,2.3254556183412354e-06,2011
72,2.311947007677815e-06,2011
73,2.2646389716790836e-06,2011
74,2.2119656033933045e-06,2011
75,2.217497318180843e-06,2011
76,2.193616124578622e-06,2011
77,2.216456991869413e-06,2011
78,2.226743758758263e-06,2011
79,2.183454029086781e-06,2011
80,2.1722346103846153e-06,2011
81,2.1808684764883324e-06,2011
82,2.25930175484146e-06,2011
83,2.3545651003515978e-06,2011
84,2.3653537594739174e-06,2011
85,2.2621230632000067e-06,2011
86,2.2191199922658855e-06,2011
87,2.3067505445674382e-06,2011
88,2.2817005867103078e-06,2011
89,2.211381255869596e-06,2011
90,2.1663807040218518e-06,2011
91,2.1858786063831484e-06,2011
92,2.1991763979361585e-06,2011
93,2.194694511377139e-06,2011
94,2.2547904745952905e-06,2011
95,2.2862113235393172e-06,2011
96,2.275093000999792e-06,2011
97,2.2278682416836396e-06,2011
98,2.2497057600091145e-06,2011
99,2.224463743650553e-06,2011
100,2.2268362471465506e-06,2011
101,2.295932517205401e-06,2011
102,2.2586676643818383e-06,2011
103,2.264987575135356e-06,2011
104,2.3817947041058068e-06,2011
105,2.509315157301915e-06,2011
106,2.5594829172482387e-06,2011
107,2.5377408427595294e-06,2011
108,2.5190252155355205e-06,2011
109,2.446664486698211e-06,2011
110,2.339336932829352e-06,2011
111,2.2510857679540323e-06,2011
112,2.283736182859923e-06,2011
113,2.3424038611000237e-06,2011
114,2.4160113095466192e-06,2011
115,2.39019161818641e-06,2011
116,2.335354134455866e-06,2011
117,2.277016202755501e-06,2011
118,2.219772613185094e-06,2011
119,2.1960972053998452e-06,2011
120,2.2105472886734614e-06,2011
121,2.2521620142521137e-06,2011
122,2.2789677547282343e-06,2011
123,2.2816424991861596e-06,2011
124,2.291543976537067e-06,2011
125,2.2891194745466826e-06,2011
126,2.3086275382140515e-06,2011
127,2.329518582013864e-06,2011
128,2.395254630608246e-06,2011
129,2.4938331534821494e-06,2011
130,2.6112851414992527e-06,2011
131,2.5950711532487204e-06,2011
132,2.5572443064025522e-06,2011
133,2.6237460536553922e-06,2011
134,2.702477857328296e-06,2011
135,2.8038804704960056e-06,2011
136,2.869205686356677e-06,2011
137,3.00433598416039e-06,2011
138,3.0055506616252163e-06,2011
139,3.0223137205062314e-06,2011
140,3.0173760021635376e-06,2011
141,2.9823725236945196e-06,2011
142,2.89460724439196e-06,2011
143,2.809207830213195e-06,2011
144,2.842962929012662e-06,2011
145,2.8399317057181203e-06,2011
146,2.8405374853153776e-06,2011
147,2.8215964193003266e-06,2011
148,2.883038080867959e-06,2011
149,2.925100002151072e-06,2011
150,2.9450627504641175e-06,2011
151,2.9618500317702e-06,2011
152,2.933699375305051e-06,2011
153,2.9146899051033185e-06,2011
1,2.9335084251800994e-06,2016
2,2.884365812732383e-06,2016
3,2.9136906925185255e-06,2016
4,2.880377863860553e-06,2016
5,2.8462025742617677e-06,2016
6,2.8754921697898774e-06,2016
7,2.828926340851791e-06,2016
8,2.7964591034136903e-06,2016
9,2.7948898059131285e-06,2016
10,2.721693204057078e-06,2016
11,2.7508318058697072e-06,2016
12,2.690243648001585e-06,2016
13,2.6666188650234477e-06,2016
14,2.687137646038556e-06,2016
15,2.662146301606509e-06,2016
16,2.657634043573965e-06,2016
17,2.674807445987863e-06,2016
18,2.698547085789668e-06,2016
19,2.6958636905523693e-06,2016
20,2.6841873673731774e-06,2016
21,2.7428824720651144e-06,2016
22,2.7803105506128997e-06,2016
23,2.8101725582460376e-06,2016
24,2.746084547297485e-06,2016
25,2.7068382081610893e-06,2016
26,2.709120691760799e-06,2016
27,2.6726034494889707e-06,2016
28,2.6565271750468264e-06,2016
29,2.6944192059185552e-06,2016
30,2.717499524955197e-06,2016
31,2.7226722295166085e-06,2016
32,2.7288042383945204e-06,2016
33,2.754525135636922e-06,2016
34,2.7384708607555363e-06,2016
35,2.689034600568158e-06,2016
36,2.7146492580515237e-06,2016
37,2.6592544594188266e-06,2016
38,2.631799539467091e-06,2016
39,2.633587929707443e-06,2016
40,2.6384913405780506e-06,2016
41,2.6079322740596434e-06,2016
42,2.674635925360832e-06,2016
43,2.7173810279817954e-06,2016
44,2.6106782813051247e-06,2016
45,2.6183605952941264e-06,2016
46,2.5871046734381554e-06,2016
47,2.58966061371515e-06,2016
48,2.5792068804417736e-06,2016
49,2.5894722281398405e-06,2016
50,2.587506053267179e-06,2016
51,2.5763545450563978e-06,2016
52,2.5606519781261926e-06,2016
53,2.5731336280029184e-06,2016
54,2.531344144713665e-06,2016
55,2.5326259974114233e-06,2016
56,2.5735775398496335e-06,2016
57,2.547733932938427e-06,2016
58,2.562727693121035e-06,2016
59,2.6285176744703805e-06,2016
60,2.63385543412284e-06,2016
61,2.5675644571103632e-06,2016
62,2.483137816574863e-06,2016
63,2.5074225807387013e-06,2016
64,2.4387734725524287e-06,2016
65,2.43461489392246e-06,2016
66,2.3759798740351326e-06,2016
67,2.3828701444532903e-06,2016
68,2.412304007160665e-06,2016
69,2.4395422830275945e-06,2016
70,2.6014878742054426e-06,2016
71,2.6206457307448228e-06,2016
72,2.669765040378589e-06,2016
73,2.673570483478013e-06,2016
74,2.5428657524432812e-06,2016
75,2.3714218288727724e-06,2016
76,2.3414018132602173e-06,2016
77,2.4126866263612013e-06,2016
78,2.4200906155351637e-06,2016
79,2.422439610965964e-06,2016
80,2.3662936528489895e-06,2016
81,2.3248671235882545e-06,2016
82,2.3341944918084367e-06,2016
83,2.2909344633396053e-06,2016
84,2.3233305586028227e-06,2016
85,2.3829479668236707e-06,2016
86,2.5240964161511008e-06,2016
87,2.48012895079677e-06,2016
88,2.469599432694946e-06,2016
89,2.459977961991453e-06,2016
90,2.3769820454813657e-06,2016
91,2.306807747341087e-06,2016
92,2.262482366274485e-06,2016
93,2.2543363732892777e-06,2016
94,2.3326135880967223e-06,2016
95,2.3847585436073507e-06,2016
96,2.4074344847740634e-06,2016
97,2.43476094078295e-06,2016
98,2.575891979519654e-06,2016
99,2.616117133822719e-06,2016
100,2.6361563656636743e-06,2016
101,2.6110362201942134e-06,2016
102,2.5434050317942804e-06,2016
103,2.418204273532838e-06,2016
104,2.3728728634488746e-06,2016
105,2.5010668138680413e-06,2016
106,2.6513354564570003e-06,2016
107,2.8574818478438046e-06,2016
108,2.9120768755717215e-06,2016
109,2.9633643299211915e-06,2016
110,2.9633643299211915e-06,2016
111,3.0093001297744863e-06,2016
112,2.9388181342632465e-06,2016
113,2.8385470844927666e-06,2016
114,2.6701507436327734e-06,2016
115,2.589890018902095e-06,2016
116,2.7131772482549236e-06,2016
117,2.8248341008611696e-06,2016
118,2.840272455840838e-06,2016
119,2.826151440179983e-06,2016
120,2.7861649554562515e-06,2016
121,2.823961069657855e-06,2016
122,2.792175631561351e-06,2016
123,2.6979902030574733e-06,2016
124,2.6699558928070453e-06,2016
125,2.8308705454860686e-06,2016
126,2.9194143121914576e-06,2016
127,2.9507853170107177e-06,2016
128,2.925648654397254e-06,2016
129,2.976214371036257e-06,2016
130,3.076049461719009e-06,2016
131,3.0953029013772914e-06,2016
132,3.092554115906097e-06,2016
133,3.0428626526511318e-06,2016
134,3.0800228872596586e-06,2016
135,3.1485503173556313e-06,2016
136,3.168600684624991e-06,2016
137,3.1829570488860493e-06,2016
138,3.153263014226744e-06,2016
139,3.1076329347841165e-06,2016
140,3.0544863689294355e-06,2016
141,3.0529871819955168e-06,2016
142,3.0715433204860285e-06,2016
143,3.0988655626378593e-06,2016
144,3.1097506269815694e-06,2016
145,3.103370649440065e-06,2016
146,3.1152031056362763e-06,2016
147,3.1129594121425627e-06,2016
148,3.095562783751958e-06,2016
149,3.0582582378633456e-06,2016
150,3.0154945889877967e-06,2016
151,2.9802882878590736e-06,2016
152,2.965868552649823e-06,2016
153,2.9574900828488357e-06,2016
1,2.718072038125002e-06,2015
2,2.7318615941995934e-06,2015
3,2.7492204597523085e-06,2015
4,2.767511843698946e-06,2015
5,2.802657704210066e-06,2015
6,2.783765171503767e-06,2015
7,2.76347064830562e-06,2015
8,2.772592836574978e-06,2015
9,2.839837929476298e-06,2015
10,2.8526837389813185e-06,2015
11,2.8384724936600005e-06,2015
12,2.8371786616625438e-06,2015
13,2.7805680714259725e-06,2015
14,2.7384901521146006e-06,2015
15,2.7665550668502565e-06,2015
16,2.7753844330546555e-06,2015
17,2.7492692556842616e-06,2015
18,2.783522380554281e-06,2015
19,2.8750817965870847e-06,2015
20,2.8839508846364385e-06,2015
21,2.8615724162062226e-06,2015
22,2.820824174667156e-06,2015
23,2.8282457412472435e-06,2015
24,2.8528935000219584e-06,2015
25,2.9518177348779907e-06,2015
26,2.991392095942649e-06,2015
27,2.9584417602200085e-06,2015
28,3.005976209699049e-06,2015
29,2.9968485573081333e-06,2015
30,2.9279552172491368e-06,2015
31,2.9185931412208824e-06,2015
32,2.9082268033326615e-06,2015
33,2.8930367611397565e-06,2015
34,2.926418248000658e-06,2015
35,2.928563235867012e-06,2015
36,2.9087557424303967e-06,2015
37,2.930677625367769e-06,2015
38,2.903669211943411e-06,2015
39,2.8547106164644772e-06,2015
40,2.9394396694867517e-06,2015
41,2.920594871489166e-06,2015
42,2.950562638338207e-06,2015
43,2.9445128564790962e-06,2015
44,2.912937926311811e-06,2015
45,2.9029779119639794e-06,2015
46,2.873699331085531e-06,2015
47,2.8507992954832462e-06,2015
48,2.842824935826422e-06,2015
49,2.827741233193925e-06,2015
50,2.7581109468653263e-06,2015
51,2.737507266724084e-06,2015
52,2.7566639795398112e-06,2015
53,2.7290300298947036e-06,2015
54,2.7524273514761574e-06,2015
55,2.7682446191740265e-06,2015
56,2.785211526695867e-06,2015
57,2.7824041515388546e-06,2015
58,2.75362665867815e-06,2015
59,2.726514821230877e-06,2015
60,2.703815853127824e-06,2015
61,2.6858524474896015e-06,2015
62,2.6428254256205865e-06,2015
63,2.649703404147996e-06,2015
64,2.652753584940169e-06,2015
65,2.6239382248574376e-06,2015
66,2.605457987322832e-06,2015
67,2.6081183703089248e-06,2015
68,2.57829509078177e-06,2015
69,2.5416038314473655e-06,2015
70,2.5257040290142665e-06,2015
71,2.5030884641819667e-06,2015
72,2.4915248459505218e-06,2015
73,2.4893175761782753e-06,2015
74,2.5082881789040805e-06,2015
75,2.539193651408506e-06,2015
76,2.4402736453968406e-06,2015
77,2.389163521289001e-06,2015
78,2.4057110830876753e-06,2015
79,2.4807393455551777e-06,2015
80,2.443596710367849e-06,2015
81,2.4007094505940754e-06,2015
82,2.384275098165308e-06,2015
83,2.4426990229445772e-06,2015
84,2.4129890157649246e-06,2015
85,2.385549118099294e-06,2015
86,2.3276708308808834e-06,2015
87,2.2826754923528475e-06,2015
88,2.3032652808102517e-06,2015
89,2.287898519600836e-06,2015
90,2.276403617278171e-06,2015
91,2.296318942986532e-06,2015
92,2.302530379371652e-06,2015
93,2.2640354120909836e-06,2015
94,2.2230780468736896e-06,2015
95,2.216047467050134e-06,2015
96,2.241487749251586e-06,2015
97,2.273741246112034e-06,2015
98,2.2897388523442517e-06,2015
99,2.2593193300755873e-06,2015
100,2.256286305574843e-06,2015
101,2.251697805500224e-06,2015
102,2.2646598370332596e-06,2015
103,2.281713924834326e-06,2015
104,2.2749799415005704e-06,2015
105,2.28315647642557e-06,2015
106,2.2871537643671014e-06,2015
107,2.316011782527246e-06,2015
108,2.276091189283943e-06,2015
109,2.2767753720944937e-06,2015
110,2.2839918402812256e-06,2015
111,2.286781469902764e-06,2015
112,2.264887238220135e-06,2015
113,2.2531614773808694e-06,2015
114,2.289677064029618e-06,2015
115,2.3111889439531215e-06,2015
116,2.2878515935656713e-06,2015
117,2.264667948323613e-06,2015
118,2.2678721431162533e-06,2015
119,2.2872799307873204e-06,2015
120,2.2851270519471666e-06,2015
121,2.318363650029097e-06,2015
122,2.284724347706401e-06,2015
123,2.2579554922079412e-06,2015
124,2.2540459881921637e-06,2015
125,2.292864269641369e-06,2015
126,2.3594164291840615e-06,2015
127,2.451207995868401e-06,2015
128,2.4614675383943076e-06,2015
129,2.3805540216465353e-06,2015
130,2.3387932446063176e-06,2015
131,2.3780953398194407e-06,2015
132,2.449627911296279e-06,2015
133,2.50584319662564e-06,2015
134,2.4803184917727033e-06,2015
135,2.458547682865308e-06,2015
136,2.4127690811758796e-06,2015
137,2.426945576180755e-06,2015
138,2.467328305180789e-06,2015
139,2.4916472065471667e-06,2015
140,2.493149927329842e-06,2015
141,2.4823730966885467e-06,2015
142,2.432092270880625e-06,2015
143,2.401907052587112e-06,2015
144,2.385473102649427e-06,2015
145,2.441773607066038e-06,2015
146,2.456257281707648e-06,2015
147,2.4275567078351982e-06,2015
148,2.5020210293878508e-06,2015
149,2.562989554709661e-06,2015
150,2.6175077782757897e-06,2015
151,2.6222338236893417e-06,2015
152,2.626975532762358e-06,2015
153,2.6098667719862907e-06,2015
1,2.6332487875872675e-06,2023
2,2.6677932224314814e-06,2023
3,2.6469738301999167e-06,2023
4,2.6174957878371383e-06,2023
5,2.619189159381692e-06,2023
6,2.59321621632676e-06,2023
7,2.581832077261896e-06,2023
8,2.5858104708576636e-06,2023
9,2.548786442776184e-06,2023
10,2.558869285211733e-06,2023
11,2.572985321658104e-06,2023
12,2.5758954904039485e-06,2023
13,2.5758954904039485e-06,2023
14,2.5506925891437793e-06,2023
15,2.5506925891437793e-06,2023
16,2.5538947439907976e-06,2023
17,2.5720155585846293e-06,2023
18,2.5320530351630215e-06,2023
19,2.543332521987925e-06,2023
20,2.5469773698472306e-06,2023
21,2.5341740211749478e-06,2023
22,2.5278094377628616e-06,2023
23,2.526670081041006e-06,2023
24,2.535515289027946e-06,2023
25,2.5334740242778744e-06,2023
26,2.49944706897344e-06,2023
27,2.4908607616786737e-06,2023
28,2.4715998088675078e-06,2023
29,2.5186870713781845e-06,2023
30,2.527953052546959e-06,2023
31,2.511389578156881e-06,2023
32,2.5074932313052485e-06,2023
33,2.516159808387887e-06,2023
34,2.468458411608885e-06,2023
35,2.449131817736101e-06,2023
36,2.4503302943544194e-06,2023
37,2.447991786422377e-06,2023
38,2.453511762569264e-06,2023
39,2.4417526091929503e-06,2023
40,2.419569190342434e-06,2023
41,2.4182247013833414e-06,2023
42,2.426095239426972e-06,2023
43,2.4240072630890013e-06,2023
44,2.4633897987951e-06,2023
45,2.5119446949952986e-06,2023
46,2.5241191379136444e-06,2023
47,2.4748154856039973e-06,2023
48,2.4693208877722013e-06,2023
49,2.548982534032388e-06,2023
50,2.4866639168497505e-06,2023
51,2.527310800642463e-06,2023
52,2.5445291155247045e-06,2023
53,2.524173126400528e-06,2023
54,2.467427007547624e-06,2023
55,2.44962575294832e-06,2023
56,2.480206137526138e-06,2023
57,2.460916347947525e-06,2023
58,2.4527197371247592e-06,2023
59,2.459389077739991e-06,2023
60,2.4329891463899884e-06,2023
61,2.4425494129079465e-06,2023
62,2.4517572377576254e-06,2023
63,2.4093128558887037e-06,2023
64,2.4105783393498434e-06,2023
65,2.383132007180846e-06,2023
66,2.3891480792445182e-06,2023
67,2.413693971152249e-06,2023
68,2.410180801693256e-06,2023
69,2.3901226678189775e-06,2023
70,2.352406640942341e-06,2023
71,2.3317955335371985e-06,2023
72,2.328564684840142e-06,2023
73,2.3072800686601055e-06,2023
74,2.2646938935177056e-06,2023
75,2.2832104942418696e-06,2023
76,2.238563174178464e-06,2023
77,2.237595854739734e-06,2023
78,2.1978090251590194e-06,2023
79,2.21144811744354e-06,2023
80,2.2119391888980982e-06,2023
81,2.200956474088039e-06,2023
82,2.194352903306791e-06,2023
83,2.177464163860104e-06,2023
84,2.195102482136398e-06,2023
85,2.2774081619508845e-06,2023
86,2.3112001579742637e-06,2023
87,2.419641158917488e-06,2023
88,2.511767760243653e-06,2023
89,2.4532695810523703e-06,2023
90,2.4529572471325967e-06,2023
91,2.423456530527189e-06,2023
92,2.3755340597229748e-06,2023
93,2.3661630894687545e-06,2023
94,2.332136021886416e-06,2023
95,2.3937184312217224e-06,2023
96,2.255645236760547e-06,2023
97,2.2861851153472714e-06,2023
98,2.3116475139741386e-06,2023
99,2.515744911340832e-06,2023
100,2.551645198559128e-06,2023
101,2.5236219951672853e-06,2023
102,2.525627997749513e-06,2023
103,2.648078990413381e-06,2023
104,2.655781167589213e-06,2023
105,2.5314684343996825e-06,2023
106,2.451517985941195e-06,2023
107,2.437171268460731e-06,2023
108,2.4164633479539355e-06,2023
109,2.499593467272994e-06,2023
110,2.545704621631217e-06,2023
111,2.576641776689884e-06,2023
112,2.5592793474430384e-06,2023
113,2.492211600164259e-06,2023
114,2.4449976355525567e-06,2023
115,2.502001951365061e-06,2023
116,2.545513786270474e-06,2023
117,2.540913470142505e-06,2023
118,2.4236501245189005e-06,2023
119,2.326488444205303e-06,2023
120,2.2575490073524064e-06,2023
121,2.244009193229171e-06,2023
122,2.318223037648221e-06,2023
123,2.442640702568305e-06,2023
124,2.4235575644524763e-06,2023
125,2.5578721020822295e-06,2023
126,2.5537207828205975e-06,2023
127,2.492413369419375e-06,2023
128,2.41777747644092e-06,2023
129,2.3814927928643506e-06,2023
130,2.4132268548503358e-06,2023
131,2.46075355779811e-06,2023
132,2.540901762554503e-06,2023
133,2.652965146608864e-06,2023
134,2.7343282885219726e-06,2023
135,2.7115885719409208e-06,2023
136,2.611576523521754e-06,2023
137,2.497374893063961e-06,2023
138,2.451673708274564e-06,2023
139,2.3877581308851102e-06,2023
140,2.4286060956438205e-06,2023
141,2.593857739955987e-06,2023
142,2.7348928230877333e-06,2023
143,2.711512930263217e-06,2023
144,2.6634748863585293e-06,2023
145,2.5449194308464637e-06,2023
146,2.4745471315397135e-06,2023
147,2.5573166682331327e-06,2023
148,2.646811689675572e-06,2023
149,2.6463879498246077e-06,2023
150,2.618853845701601e-06,2023
151,2.605783475078596e-06,2023
152,2.5803599669290593e-06,2023
153,2.5778389784830204e-06,2023
1,2.666412971186152e-06,2012
2,2.6717342525762e-06,2012
3,2.653980797232222e-06,2012
4,2.6414754047605265e-06,2012
5,2.6456050408369543e-06,2012
6,2.6424068045811006e-06,2012
7,2.639163516252037e-06,2012
8,2.6366001735909473e-06,2012
9,2.6383486258998534e-06,2012
10,2.5988809638686995e-06,2012
11,2.6198799965105715e-06,2012
12,2.578834553300022e-06,2012
13,2.589561831379041e-06,2012
14,2.542861641554259e-06,2012
15,2.5356259556216114e-06,2012
16,2.515782402259136e-06,2012
17,2.534003392166963e-06,2012
18,2.5614178570673514e-06,2012
19,2.497627105035394e-06,2012
20,2.515735369321272e-06,2012
21,2.4976520838377878e-06,2012
22,2.499927347988958e-06,2012
23,2.5028747130682546e-06,2012
24,2.4684728948623404e-06,2012
25,2.456493529575952e-06,2012
26,2.461329157144821e-06,2012
27,2.4446370040403372e-06,2012
28,2.4411142011654547e-06,2012
29,2.4341647346599315e-06,2012
30,2.4872931889435004e-06,2012
31,2.4510943044902654e-06,2012
32,2.458017496861122e-06,2012
33,2.42566945022076e-06,2012
34,2.4115485848399087e-06,2012
35,2.414557711646661e-06,2012
36,2.4353222679999154e-06,2012
37,2.455763219361962e-06,2012
38,2.522044444537049e-06,2012
39,2.538926773934497e-06,2012
40,2.541332532922574e-06,2012
41,2.5288520678546536e-06,2012
42,2.527125986864356e-06,2012
43,2.5153552537814314e-06,2012
44,2.491466208164914e-06,2012
45,2.5076413490691127e-06,2012
46,2.52260674389727e-06,2012
47,2.5513798673058074e-06,2012
48,2.5607349988205572e-06,2012
49,2.5195066375428715e-06,2012
50,2.583427214624567e-06,2012
51,2.572294620702095e-06,2012
52,2.6289161110127297e-06,2012
53,2.664714177010828e-06,2012
54,2.6426563445627837e-06,2012
55,2.5666240764133485e-06,2012
56,2.597807870582888e-06,2012
57,2.566775370677833e-06,2012
58,2.5048754485268573e-06,2012
59,2.4724795232565116e-06,2012
60,2.5322328433019705e-06,2012
61,2.528081547948296e-06,2012
62,2.4729358395437763e-06,2012
63,2.4816059224552135e-06,2012
64,2.4488909327623687e-06,2012
65,2.4177133841304626e-06,2012
66,2.4572692034143918e-06,2012
67,2.4180023083167995e-06,2012
68,2.4173051023684994e-06,2012
69,2.4234156416087353e-06,2012
70,2.436495200891845e-06,2012
71,2.4169439811075743e-06,2012
72,2.3617214442398946e-06,2012
73,2.3643841821597383e-06,2012
74,2.3241613938512374e-06,2012
75,2.293304118884096e-06,2012
76,2.3018759055289963e-06,2012
77,2.3443054849161374e-06,2012
78,2.3694676786019056e-06,2012
79,2.3453036404422193e-06,2012
80,2.3785057126555986e-06,2012
81,2.3488289447696267e-06,2012
82,2.3615635685494978e-06,2012
83,2.3661516042427784e-06,2012
84,2.307642223567655e-06,2012
85,2.2567040568895564e-06,2012
86,2.295165762431894e-06,2012
87,2.3211912267818754e-06,2012
88,2.334415231211169e-06,2012
89,2.4186188122189932e-06,2012
90,2.4237184147570635e-06,2012
91,2.3857598721257944e-06,2012
92,2.4012670384818155e-06,2012
93,2.450945279209781e-06,2012
94,2.490054017101444e-06,2012
95,2.454490761667882e-06,2012
96,2.4409241986219785e-06,2012
97,2.4190229013529845e-06,2012
98,2.450845076878569e-06,2012
99,2.4941452409320325e-06,2012
100,2.6647014978036707e-06,2012
101,2.7481842004455674e-06,2012
102,2.823782656280458e-06,2012
103,2.7970856199145147e-06,2012
104,2.770198945526076e-06,2012
105,2.7829952800037436e-06,2012
106,2.791757405529944e-06,2012
107,2.919418766204075e-06,2012
108,2.981180397799782e-06,2012
109,3.17108486382993e-06,2012
110,3.074439449390426e-06,2012
111,3.0021457622295106e-06,2012
112,2.9079613189657637e-06,2012
113,2.9383160840232707e-06,2012
114,3.020924009555628e-06,2012
115,2.9678096261661495e-06,2012
116,2.8422774166175845e-06,2012
117,2.779732601984378e-06,2012
118,2.7919859991430273e-06,2012
119,2.8442905175188024e-06,2012
120,2.8309506483606287e-06,2012
121,2.8316853624027553e-06,2012
122,2.870225099713761e-06,2012
123,2.8883365377016497e-06,2012
124,2.9637743441743367e-06,2012
125,3.0362675222795588e-06,2012
126,3.0183236734353175e-06,2012
127,2.9341178877868375e-06,2012
128,2.8531010715896573e-06,2012
129,2.8797659411620424e-06,2012
130,2.9742668666887127e-06,2012
131,3.0532289479978276e-06,2012
132,3.1166183958871144e-06,2012
133,3.131514810918906e-06,2012
134,3.1264497106988873e-06,2012
135,3.1023960176003558e-06,2012
136,3.0577144146185585e-06,2012
137,3.0339403604158476e-06,2012
138,3.0403139627356574e-06,2012
139,3.0869551260962063e-06,2012
140,3.076243641057209e-06,2012
141,3.0795209066944477e-06,2012
142,3.069912158604925e-06,2012
143,3.0613446866851903e-06,2012
144,3.090294580404879e-06,2012
145,3.0733316412280642e-06,2012
146,3.0733316412280642e-06,2012
147,3.016946190307024e-06,2012
148,3.0192360815313384e-06,2012
149,3.0250005411648047e-06,2012
150,3.030567898518849e-06,2012
151,3.0360922585291365e-06,2012
152,3.0185784842027467e-06,2012
153,2.990490628148969e-06,2012
1,2.791259128643411e-06,2018
2,2.7604624128628937e-06,2018
3,2.7611332600252548e-06,2018
4,2.733269433348866e-06,2018
5,2.719560094659702e-06,2018
6,2.7740524150993257e-06,2018
7,2.814737387800108e-06,2018
8,2.840726520247e-06,2018
9,2.784074999399309e-06,2018
10,2.784074999399309e-06,2018
11,2.784074999399309e-06,2018
12,2.784074999399309e-06,2018
13,2.784074999399309e-06,2018
14,2.784074999399309e-06,2018
15,2.769180899080181e-06,2018
16,2.769180899080181e-06,2018
17,2.769180899080181e-06,2018
18,2.769180899080181e-06,2018
19,2.769180899080181e-06,2018
20,2.7527339581938694e-06,2018
21,2.7315450058700546e-06,2018
22,2.689009086160072e-06,2018
23,2.721560531442124e-06,2018
24,2.7085301970501894e-06,2018
25,2.6982918704822616e-06,2018
26,2.7536009655523305e-06,2018
27,2.770395701402878e-06,2018
28,2.7485030780768987e-06,2018
29,2.7336972719982136e-06,2018
30,2.744865263682683e-06,2018
31,2.8061123582045257e-06,2018
32,2.833062092422122e-06,2018
33,2.832309750062268e-06,2018
34,2.819475604256135e-06,2018
35,2.8077802088267798e-06,2018
36,2.833953148278229e-06,2018
37,2.820459549880882e-06,2018
38,2.782047403975108e-06,2018
39,2.7875915549018384e-06,2018
40,2.7334060192305267e-06,2018
41,2.6895098422293653e-06,2018
42,2.667607843219728e-06,2018
43,2.6634511555787335e-06,2018
44,2.613845926888142e-06,2018
45,2.6236505938246202e-06,2018
46,2.607634253685329e-06,2018
47,2.6021023279574315e-06,2018
48,2.6092747168058417e-06,2018
49,2.583146164867102e-06,2018
50,2.558656422570717e-06,2018
51,2.573961599770447e-06,2018
52,2.5999719730634813e-06,2018
53,2.6282891603408833e-06,2018
54,2.6300663223297106e-06,2018
55,2.6016970389951897e-06,2018
56,2.5558193082636275e-06,2018
57,2.5299265112104473e-06,2018
58,2.491356543804755e-06,2018
59,2.464850772963727e-06,2018
60,2.4494100133244606e-06,2018
61,2.440328926247668e-06,2018
62,2.4371761002918734e-06,2018
63,2.420409050997845e-06,2018
64,2.359934766859509e-06,2018
65,2.3683036337692234e-06,2018
66,2.3735411114318445e-06,2018
67,2.355957446309436e-06,2018
68,2.320426838740229e-06,2018
69,2.3704551302061704e-06,2018
70,2.3949417004823605e-06,2018
71,2.324138016292401e-06,2018
72,2.357219987815277e-06,2018
73,2.3632917187972606e-06,2018
74,2.3341886455434053e-06,2018
75,2.2849900011858265e-06,2018
76,2.3079456207588003e-06,2018
77,2.3712222461993724e-06,2018
78,2.2706661317567687e-06,2018
79,2.2296993472813008e-06,2018
80,2.239867855634636e-06,2018
81,2.2311911511629083e-06,2018
82,2.2423706461356874e-06,2018
83,2.3393733490606084e-06,2018
84,2.3241720104092766e-06,2018
85,2.3565399053526296e-06,2018
86,2.396879209062087e-06,2018
87,2.352703572481191e-06,2018
88,2.3682019941871764e-06,2018
89,2.3462151911932538e-06,2018
90,2.2974852679400355e-06,2018
91,2.2468698620447384e-06,2018
92,2.2494369549763707e-06,2018
93,2.2134907124396146e-06,2018
94,2.179450185850219e-06,2018
95,2.1902161824326037e-06,2018
96,2.1905140881248843e-06,2018
97,2.287349461261496e-06,2018
98,2.3613954699070913e-06,2018
99,2.4758055519111334e-06,2018
100,2.406460931305537e-06,2018
101,2.2802456940491408e-06,2018
102,2.2529216328984425e-06,2018
103,2.2648959840366875e-06,2018
104,2.31765690782992e-06,2018
105,2.3267722528876296e-06,2018
106,2.3149171581352778e-06,2018
107,2.2899065552087416e-06,2018
108,2.2873427732973536e-06,2018
109,2.24605067320301e-06,2018
110,2.239602500174555e-06,2018
111,2.276704331261761e-06,2018
112,2.282650724405427e-06,2018
113,2.3179687131641185e-06,2018
114,2.3511432711845276e-06,2018
115,2.4349592703262553e-06,2018
116,2.4633122030212378e-06,2018
117,2.4633122030212378e-06,2018
118,2.385512807374712e-06,2018
119,2.346943817794973e-06,2018
120,2.3544192610411054e-06,2018
121,2.3306349826564885e-06,2018
122,2.3673977187847574e-06,2018
123,2.3952255370462244e-06,2018
124,2.439698803661733e-06,2018
125,2.38982283020993e-06,2018
126,2.3473695737908067e-06,2018
127,2.40683359052512e-06,2018
128,2.5007678724351147e-06,2018
129,2.591010927836819e-06,2018
130,2.6344087119470668e-06,2018
131,2.705100131237348e-06,2018
132,2.8094038691692813e-06,2018
133,2.7548282718801096e-06,2018
134,2.785607479165415e-06,2018
135,2.731507104172567e-06,2018
136,2.812298946993772e-06,2018
137,2.8356532469750626e-06,2018
138,2.895097886868201e-06,2018
139,2.9367474255380008e-06,2018
140,3.0091150973166893e-06,2018
141,2.993646113812884e-06,2018
142,2.9318848779893734e-06,2018
143,2.8380913164440014e-06,2018
144,2.806127401233314e-06,2018
145,2.7790034819218135e-06,2018
146,2.8374825091737645e-06,2018
147,2.8939089037984532e-06,2018
148,2.968984623328883e-06,2018
149,2.9580115507110436e-06,2018
150,2.893644199569307e-06,2018
151,2.848856864008615e-06,2018
152,2.8363304682201462e-06,2018
153,2.844956231353844e-06,2018
1,2.7466579931664e-06,2019
2,2.797477359435802e-06,2019
3,2.77773811467651e-06,2019
4,2.770608076838734e-06,2019
5,2.74662878414889e-06,2019
6,2.7373925732286878e-06,2019
7,2.71783499001918e-06,2019
8,2.701734079689571e-06,2019
9,2.7339154465038598e-06,2019
10,2.736980731716667e-06,2019
11,2.7185378539834056e-06,2019
12,2.7127962388981537e-06,2019
13,2.7511616659635124e-06,2019
14,2.691039870163064e-06,2019
15,2.6702239611478804e-06,2019
16,2.7411504396668055e-06,2019
17,2.708419980153448e-06,2019
18,2.7161483809720214e-06,2019
19,2.7368428324451985e-06,2019
20,2.743465324181747e-06,2019
21,2.721079677503311e-06,2019
22,2.709853368568304e-06,2019
23,2.6916904419341015e-06,2019
24,2.6702254835790153e-06,2019
25,2.664540665745396e-06,2019
26,2.6306131209729203e-06,2019
27,2.6108439380509897e-06,2019
28,2.643942303950702e-06,2019
29,2.620818212888806e-06,2019
30,2.652063563479625e-06,2019
31,2.680889127234555e-06,2019
32,2.6800379916158387e-06,2019
33,2.661951668976202e-06,2019
34,2.644412541449184e-06,2019
35,2.6301207442441885e-06,2019
36,2.613138640377623e-06,2019
37,2.584079352507753e-06,2019
38,2.589299844702498e-06,2019
39,2.5971197539441945e-06,2019
40,2.587404016718087e-06,2019
41,2.5880122381720732e-06,2019
42,2.61842387167951e-06,2019
43,2.670193427543529e-06,2019
44,2.701796819032873e-06,2019
45,2.650020874299912e-06,2019
46,2.701171194298073e-06,2019
47,2.6835749498778053e-06,2019
48,2.6154155159724332e-06,2019
49,2.6529989314986414e-06,2019
50,2.6831584073877505e-06,2019
51,2.696943535376127e-06,2019
52,2.66727837658111e-06,2019
53,2.5992103917360324e-06,2019
54,2.6287063490115086e-06,2019
55,2.5919089701918143e-06,2019
56,2.5339251291497296e-06,2019
57,2.5299600381359628e-06,2019
58,2.4786726571842385e-06,2019
59,2.5151476123227773e-06,2019
60,2.567970314432307e-06,2019
61,2.739998021295639e-06,2019
62,2.8851386850703704e-06,2019
63,2.8259313967840907e-06,2019
64,2.7283340054433334e-06,2019
65,2.692495289249506e-06,2019
66,2.663017365036673e-06,2019
67,2.699090578028963e-06,2019
68,2.8576539085245703e-06,2019
69,2.949133985016062e-06,2019
70,3.0470041151073487e-06,2019
71,3.005438455391006e-06,2019
72,2.9442690114350004e-06,2019
73,3.108546933365028e-06,2019
74,3.1744014883792725e-06,2019
75,3.1210042142855853e-06,2019
76,3.121950499965487e-06,2019
77,3.238087451755242e-06,2019
78,3.1949816921432722e-06,2019
79,3.2698475189260673e-06,2019
80,3.338272013167176e-06,2019
81,3.4798960163009807e-06,2019
82,3.504813188069218e-06,2019
83,3.350640079124789e-06,2019
84,3.2052983064557952e-06,2019
85,2.9791915108664754e-06,2019
86,2.7928460905970823e-06,2019
87,2.727000701471897e-06,2019
88,2.7504860412908875e-06,2019
89,2.857502486678545e-06,2019
90,2.917834557784658e-06,2019
91,2.963021588366466e-06,2019
92,3.0680878405768674e-06,2019
93,3.204932302778795e-06,2019
94,3.2798398370935738e-06,2019
95,3.286934804010272e-06,2019
96,3.171251562724769e-06,2019
97,3.1079821521901676e-06,2019
98,3.106832513310873e-06,2019
99,3.0210955509436653e-06,2019
100,3.040253368033565e-06,2019
101,3.0670463136963706e-06,2019
102,3.0168757295622565e-06,2019
103,2.958312926874667e-06,2019
104,2.875108179360059e-06,2019
105,2.8237112067158923e-06,2019
106,2.81448079980325e-06,2019
107,2.772372777135696e-06,2019
108,2.7182026376871955e-06,2019
109,2.8341848933559224e-06,2019
110,2.933660696287934e-06,2019
111,3.0393482920776523e-06,2019
112,3.0634129014693823e-06,2019
113,3.108186675908262e-06,2019
114,3.1515304090324374e-06,2019
115,3.169827871006367e-06,2019
116,3.136331729055492e-06,2019
117,3.027106709865936e-06,2019
118,3.0022413947431675e-06,2019
119,3.016145954336381e-06,2019
120,3.156511519926782e-06,2019
121,3.31271785643985e-06,2019
122,3.3823344264519166e-06,2019
123,3.4099019535890245e-06,2019
124,3.3653746379769926e-06,2019
125,3.348083323554428e-06,2019
126,3.312826964673246e-06,2019
127,3.3278057616496613e-06,2019
128,3.3176327628268455e-06,2019
129,3.2547580766348513e-06,2019
130,3.2373825985117137e-06,2019
131,3.2102785810993257e-06,2019
132,3.2222285042551004e-06,2019
133,3.187710501153116e-06,2019
134,3.1764745276022464e-06,2019
135,3.2123018062914138e-06,2019
136,3.1817479472922517e-06,2019
137,3.210691793171175e-06,2019
138,3.1714005070701996e-06,2019
139,3.1683215862108815e-06,2019
140,3.1401390791083234e-06,2019
141,3.103842982421726e-06,2019
142,3.0657199416930834e-06,2019
143,3.0616478732845243e-06,2019
144,3.0401654862886715e-06,2019
145,3.016034562848666e-06,2019
146,2.9816938054562213e-06,2019
147,2.9577352469951005e-06,2019
148,2.9462520423521124e-06,2019
149,2.934962870990324e-06,2019
150,2.9253171753825352e-06,2019
151,2.91709532180636e-06,2019
152,2.9078438532056233e-06,2019
153,2.886542867306191e-06,2019
1,2.535062339603252e-06,2013
2,2.5544527200006957e-06,2013
3,2.578558121866834e-06,2013
4,2.5334244693818483e-06,2013
5,2.5638017627931135e-06,2013
6,2.5683818957443174e-06,2013
7,2.5449995043562774e-06,2013
8,2.547682331060807e-06,2013
9,2.5634903592953286e-06,2013
10,2.553627965544364e-06,2013
11,2.5891851211452634e-06,2013
12,2.5600332845065457e-06,2013
13,2.544881564784496e-06,2013
14,2.5395321336200857e-06,2013
15,2.5227295309209147e-06,2013
16,2.517662505081409e-06,2013
17,2.53519368800496e-06,2013
18,2.518100173850868e-06,2013
19,2.5075204201450862e-06,2013
20,2.4835613132554177e-06,2013
21,2.4498192741206387e-06,2013
22,2.4710092815027617e-06,2013
23,2.476847737868146e-06,2013
24,2.474602954001394e-06,2013
25,2.5065823321214736e-06,2013
26,2.540613064143614e-06,2013
27,2.56238951924438e-06,2013
28,2.5932437662600206e-06,2013
29,2.5908408368359183e-06,2013
30,2.6379542877508213e-06,2013
31,2.6409880663369564e-06,2013
32,2.6115924425092942e-06,2013
33,2.627664655215722e-06,2013
34,2.594824076763804e-06,2013
35,2.5558681882138235e-06,2013
36,2.5374144102356217e-06,2013
37,2.4959542513606396e-06,2013
38,2.487111587012404e-06,2013
39,2.5140374796435203e-06,2013
40,2.4916727092767805e-06,2013
41,2.467205305895711e-06,2013
42,2.4616421909604856e-06,2013
43,2.4822338402164166e-06,2013
44,2.5073382849473e-06,2013
45,2.4876162314515124e-06,2013
46,2.522841300522517e-06,2013
47,2.463383035625256e-06,2013
48,2.494664629406892e-06,2013
49,2.4504029768866682e-06,2013
50,2.5088748608585146e-06,2013
51,2.491668185356696e-06,2013
52,2.490743204554622e-06,2013
53,2.4370405558188005e-06,2013
54,2.42735347270097e-06,2013
55,2.4255536494993137e-06,2013
56,2.433631133612145e-06,2013
57,2.422189993213724e-06,2013
58,2.4947901020474878e-06,2013
59,2.476816135145809e-06,2013
60,2.4355697488117138e-06,2013
61,2.3952482760018814e-06,2013
62,2.4009713537226687e-06,2013
63,2.3967039862921295e-06,2013
64,2.3725523010447543e-06,2013
65,2.3693595939983994e-06,2013
66,2.3394337212044774e-06,2013
67,2.412290690558194e-06,2013
68,2.409336531453669e-06,2013
69,2.528112025403189e-06,2013
70,2.5960816298976976e-06,2013
71,2.519470451983083e-06,2013
72,2.4513558500586177e-06,2013
73,2.4638202961878503e-06,2013
74,2.415145997341266e-06,2013
75,2.3293695255580905e-06,2013
76,2.3190672167177347e-06,2013
77,2.3386564202033583e-06,2013
78,2.3424041310636004e-06,2013
79,2.427025273404014e-06,2013
80,2.4642393755948237e-06,2013
81,2.548365411232301e-06,2013
82,2.6070365171287117e-06,2013
83,2.668513918433425e-06,2013
84,2.6119970794779166e-06,2013
85,2.568577128268832e-06,2013
86,2.5263748026472568e-06,2013
87,2.517597468165742e-06,2013
88,2.4302886885733544e-06,2013
89,2.4198292536712696e-06,2013
90,2.4257029663834627e-06,2013
91,2.4369474662585343e-06,2013
92,2.4847526982587297e-06,2013
93,2.51642046539531e-06,2013
94,2.623220449662706e-06,2013
95,2.7320999888939717e-06,2013
96,2.8183368157778947e-06,2013
97,2.8813972460634237e-06,2013
98,2.735569581244523e-06,2013
99,2.674798682788185e-06,2013
100,2.420996056167162e-06,2013
101,2.39821094565305e-06,2013
102,2.3826065702666525e-06,2013
103,2.457975600222466e-06,2013
104,2.569689448307311e-06,2013
105,2.739102609940286e-06,2013
106,2.8681797332832105e-06,2013
107,2.848061167891048e-06,2013
108,2.872636103720835e-06,2013
109,2.8808376878474163e-06,2013
110,2.9141845053883866e-06,2013
111,2.9302128806209497e-06,2013
112,3.0925150584626873e-06,2013
113,3.1054092081232085e-06,2013
114,3.097154150709091e-06,2013
115,3.106671328672902e-06,2013
116,3.0554586883744083e-06,2013
117,3.0312937447209947e-06,2013
118,2.9594714251965178e-06,2013
119,2.8767812111673155e-06,2013
120,2.8384083180264504e-06,2013
121,2.856664749321049e-06,2013
122,2.917697588416665e-06,2013
123,2.949786970640385e-06,2013
124,2.9866985000435216e-06,2013
125,3.173442456211891e-06,2013
126,3.3597793351510244e-06,2013
127,3.357429302862513e-06,2013
128,3.3010479260979664e-06,2013
129,3.195860768208482e-06,2013
130,3.0879108985217334e-06,2013
131,3.1336657445885862e-06,2013
132,3.193900229448548e-06,2013
133,3.124447170118389e-06,2013
134,3.0295402238462883e-06,2013
135,2.9215774327620895e-06,2013
136,2.889015896913475e-06,2013
137,2.9166751110269026e-06,2013
138,2.9307494143609085e-06,2013
139,2.989597158401495e-06,2013
140,2.9633721386255925e-06,2013
141,2.984179060427305e-06,2013
142,3.0069845064762253e-06,2013
143,3.0455459798788974e-06,2013
144,3.0663856325335193e-06,2013
145,3.0681483616626045e-06,2013
146,3.045547293873285e-06,2013
147,2.996415149762398e-06,2013
148,2.9457748917805674e-06,2013
149,2.926443611747961e-06,2013
150,2.9437280294314365e-06,2013
151,2.9521763410150475e-06,2013
152,2.9617357812580355e-06,2013
153,2.9667650351864523e-06,2013
1,2.8820637308279784e-06,2022
2,2.901319666823007e-06,2022
3,2.903634764344295e-06,2022
4,2.867703538926437e-06,2022
5,2.815456686024582e-06,2022
6,2.7896416808286845e-06,2022
7,2.7644914368581153e-06,2022
8,2.7331004112382666e-06,2022
9,2.699652707995502e-06,2022
10,2.697221087695618e-06,2022
11,2.7269109382775754e-06,2022
12,2.7751982236146805e-06,2022
13,2.8318400553459417e-06,2022
14,2.9024228252343207e-06,2022
15,2.835578521281644e-06,2022
16,2.816349526932265e-06,2022
17,2.8290669095018034e-06,2022
18,2.8794347109511734e-06,2022
19,2.94590357326271e-06,2022
20,2.830949827919587e-06,2022
21,2.839968545119565e-06,2022
22,2.8092876907904172e-06,2022
23,2.7582945002748087e-06,2022
24,2.7927520168269928e-06,2022
25,2.8275470224695257e-06,2022
26,2.9281133351856024e-06,2022
27,2.951684609919486e-06,2022
28,2.9919372229547347e-06,2022
29,2.946049874234227e-06,2022
30,2.9239235911101026e-06,2022
31,2.9133754660203738e-06,2022
32,2.856847438714327e-06,2022
33,2.9094169621304693e-06,2022
34,2.9625781838953612e-06,2022
35,2.981163791356991e-06,2022
36,2.9017565462168985e-06,2022
37,2.9329095861431564e-06,2022
38,2.8946205880520213e-06,2022
39,2.835015079445485e-06,2022
40,2.8114684507963925e-06,2022
41,2.8573306483083208e-06,2022
42,2.8067420014624304e-06,2022
43,2.7819579689936635e-06,2022
44,2.803811256868311e-06,2022
45,2.8127575710601693e-06,2022
46,2.8241515326345017e-06,2022
47,2.805198400953384e-06,2022
48,2.7676482928547514e-06,2022
49,2.707108541502964e-06,2022
50,2.7273957706859832e-06,2022
51,2.765353005680884e-06,2022
52,2.7249247519680596e-06,2022
53,2.653298511507138e-06,2022
54,2.6776278870187584e-06,2022
55,2.715157659349773e-06,2022
56,2.6475257925709045e-06,2022
57,2.623256078850278e-06,2022
58,2.595121811251756e-06,2022
59,2.5760643974538217e-06,2022
60,2.5595681815110024e-06,2022
61,2.5760656099473317e-06,2022
62,2.659866051259154e-06,2022
63,2.6067666354934238e-06,2022
64,2.5670434684286214e-06,2022
65,2.5389559005665586e-06,2022
66,2.4672088936618536e-06,2022
67,2.4398139933184714e-06,2022
68,2.3872254680680657e-06,2022
69,2.366644185315611e-06,2022
70,2.382497486095085e-06,2022
71,2.4226154169514907e-06,2022
72,2.4195282122585506e-06,2022
73,2.3981484633368956e-06,2022
74,2.365206445163017e-06,2022
75,2.3960976864988343e-06,2022
76,2.321510136987592e-06,2022
77,2.292465737908393e-06,2022
78,2.238354288642955e-06,2022
79,2.2945633520806825e-06,2022
80,2.2539034162410904e-06,2022
81,2.2267332546863384e-06,2022
82,2.2026555318352328e-06,2022
83,2.3211677464175407e-06,2022
84,2.442986085688665e-06,2022
85,2.5472200327931614e-06,2022
86,2.506478479125154e-06,2022
87,2.350637148955462e-06,2022
88,2.390091348601106e-06,2022
89,2.4070890519128453e-06,2022
90,2.2905925900530617e-06,2022
91,2.278514450232514e-06,2022
92,2.264713473634122e-06,2022
93,2.253560251736353e-06,2022
94,2.2761484103708447e-06,2022
95,2.246348985051801e-06,2022
96,2.246348985051801e-06,2022
97,2.3127093847780473e-06,2022
98,2.351872991950522e-06,2022
99,2.349642451906203e-06,2022
100,2.340051077086683e-06,2022
101,2.3620459173443604e-06,2022
102,2.3714882483714e-06,2022
103,2.3584986482501027e-06,2022
104,2.355827174935548e-06,2022
105,2.3131705620569086e-06,2022
106,2.242351709787539e-06,2022
107,2.2371224186081294e-06,2022
108,2.261505464784646e-06,2022
109,2.28647329294889e-06,2022
110,2.3203067457380086e-06,2022
111,2.400660950510869e-06,2022
112,2.405627448758158e-06,2022
113,2.4337954130866926e-06,2022
114,2.460207313675287e-06,2022
115,2.4728417937886916e-06,2022
116,2.4288527682831347e-06,2022
117,2.377561256121255e-06,2022
118,2.370517226794111e-06,2022
119,2.3737327717228984e-06,2022
120,2.3404773717828012e-06,2022
121,2.329770601095146e-06,2022
122,2.3168806172227626e-06,2022
123,2.3347461510267066e-06,2022
124,2.3914962953615443e-06,2022
125,2.4235001243365454e-06,2022
126,2.4522535873998204e-06,2022
127,2.451344111565697e-06,2022
128,2.4578868244516886e-06,2022
129,2.437315573220658e-06,2022
130,2.451180850715748e-06,2022
131,2.501493539601165e-06,2022
132,2.5365075853078288e-06,2022
133,2.5645476786659213e-06,2022
134,2.567781028220042e-06,2022
135,2.605780336238669e-06,2022
136,2.6161526377061795e-06,2022
137,2.5280176294730134e-06,2022
138,2.4230025987898115e-06,2022
139,2.4196272308576433e-06,2022
140,2.4513937026045894e-06,2022
141,2.484904901079624e-06,2022
142,2.489639654069735e-06,2022
143,2.4643287263064545e-06,2022
144,2.464101523411021e-06,2022
145,2.499612205807864e-06,2022
146,2.5639578402060847e-06,2022
147,2.673929310194409e-06,2022
148,2.770114806956886e-06,2022
149,2.8378807682532523e-06,2022
150,2.8616728062321504e-06,2022
151,2.923027021216341e-06,2022
152,2.9587145604019036e-06,2022
153,2.9760224100649434e-06,2022
1,2.7737013446776924e-06,2014
2,2.7894459560289293e-06,2014
3,2.757320096059617e-06,2014
4,2.7502699798215353e-06,2014
5,2.7412142343532143e-06,2014
6,2.7582863908794513e-06,2014
7,2.733944219441264e-06,2014
8,2.6939534460079395e-06,2014
9,2.712429911242198e-06,2014
10,2.7266851395994516e-06,2014
11,2.7525431109017994e-06,2014
12,2.7682430633519795e-06,2014
13,2.8133294013350634e-06,2014
14,2.8190069517665982e-06,2014
15,2.7986066297424112e-06,2014
16,2.76491847720373e-06,2014
17,2.796170305717327e-06,2014
18,2.7957439113823743e-06,2014
19,2.782547063135366e-06,2014
20,2.7947133898480124e-06,2014
21,2.805546513330946e-06,2014
22,2.763914194529608e-06,2014
23,2.756355283888791e-06,2014
24,2.753260257593784e-06,2014
25,2.7353865079168424e-06,2014
26,2.7146278153369116e-06,2014
27,2.6948757731144823e-06,2014
28,2.6754863425264304e-06,2014
29,2.6581690600517162e-06,2014
30,2.6830031689272275e-06,2014
31,2.708506162661268e-06,2014
32,2.732171441731732e-06,2014
33,2.7357551045705105e-06,2014
34,2.6996719234926213e-06,2014
35,2.7330178583954984e-06,2014
36,2.6954580424505956e-06,2014
37,2.677853303582956e-06,2014
38,2.6545534008818074e-06,2014
39,2.6666779102287065e-06,2014
40,2.649510231352751e-06,2014
41,2.631363538796391e-06,2014
42,2.617032271279777e-06,2014
43,2.572232117022876e-06,2014
44,2.6091860650220717e-06,2014
45,2.6279233325578917e-06,2014
46,2.643725718515489e-06,2014
47,2.5640707790529084e-06,2014
48,2.5605225836852333e-06,2014
49,2.6100857200726687e-06,2014
50,2.5889086056734442e-06,2014
51,2.5258021466991736e-06,2014
52,2.545651583428907e-06,2014
53,2.5517391626977722e-06,2014
54,2.583348191389578e-06,2014
55,2.5317915703505486e-06,2014
56,2.500575401082625e-06,2014
57,2.4415219826181347e-06,2014
58,2.443916989215581e-06,2014
59,2.441133505963019e-06,2014
60,2.449358556932297e-06,2014
61,2.438767635971072e-06,2014
62,2.452336209219211e-06,2014
63,2.40656156523755e-06,2014
64,2.395337915873112e-06,2014
65,2.4580936588697113e-06,2014
66,2.4485722469993283e-06,2014
67,2.4453750890576093e-06,2014
68,2.418179089270875e-06,2014
69,2.4118710537901425e-06,2014
70,2.449277288426915e-06,2014
71,2.4516021406957004e-06,2014
72,2.4276948668425893e-06,2014
73,2.47095343195778e-06,2014
74,2.516269472238872e-06,2014
75,2.5338508107825747e-06,2014
76,2.54700616927208e-06,2014
77,2.4905727430946617e-06,2014
78,2.412403050273245e-06,2014
79,2.420268251983116e-06,2014
80,2.362023969442027e-06,2014
81,2.3021212124567284e-06,2014
82,2.2309737235489307e-06,2014
83,2.2305408786254575e-06,2014
84,2.3061482443924256e-06,2014
85,2.379487096374694e-06,2014
86,2.3955693279077193e-06,2014
87,2.404884425794805e-06,2014
88,2.512788284003811e-06,2014
89,2.5617768206232028e-06,2014
90,2.48898073666402e-06,2014
91,2.399322376606777e-06,2014
92,2.37496901291303e-06,2014
93,2.3319805948097033e-06,2014
94,2.3415490654645878e-06,2014
95,2.3471513183536773e-06,2014
96,2.4417478139082065e-06,2014
97,2.6112565269759767e-06,2014
98,2.696556680723183e-06,2014
99,2.779720005216783e-06,2014
100,2.7409121403118507e-06,2014
101,2.8943179390136003e-06,2014
102,3.0003322586705695e-06,2014
103,2.983016832312343e-06,2014
104,3.0255764227962572e-06,2014
105,2.966181530802621e-06,2014
106,2.8154609412922544e-06,2014
107,2.657364622052369e-06,2014
108,2.6230362867477232e-06,2014
109,2.5726978530138936e-06,2014
110,2.6481217116004356e-06,2014
111,2.620751635172056e-06,2014
112,2.586785856296791e-06,2014
113,2.540830621153812e-06,2014
114,2.5831529241587962e-06,2014
115,2.690939163259455e-06,2014
116,2.722676162330977e-06,2014
117,2.6477620964837837e-06,2014
118,2.5507646767577146e-06,2014
119,2.5485666446481998e-06,2014
120,2.6380413776820704e-06,2014
121,2.686334727733176e-06,2014
122,2.740026518625343e-06,2014
123,2.731099261157961e-06,2014
124,2.7861946694381504e-06,2014
125,2.7980839948024787e-06,2014
126,2.8741980302109876e-06,2014
127,2.904781497141855e-06,2014
128,2.8875721154296514e-06,2014
129,2.878353154287604e-06,2014
130,2.7599675871452197e-06,2014
131,2.6819561163750585e-06,2014
132,2.7388069808795174e-06,2014
133,2.7733976797801213e-06,2014
134,2.8356693030692284e-06,2014
135,2.8663039012816605e-06,2014
136,2.880462504757949e-06,2014
137,2.82856338273345e-06,2014
138,2.9808742329822336e-06,2014
139,2.967540486389167e-06,2014
140,2.962291306829763e-06,2014
141,2.9715511468859555e-06,2014
142,2.949343205808156e-06,2014
143,2.9819044355396806e-06,2014
144,3.0243444982551554e-06,2014
145,3.085482432064561e-06,2014
146,3.099442697591258e-06,2014
147,3.153298093830463e-06,2014
148,3.158033213996888e-06,2014
149,3.155652101219524e-06,2014
150,3.1500859381762605e-06,2014
151,3.1083185479217e-06,2014
152,3.072246761568784e-06,2014
153,3.0299245459407453e-06,2014
1,2.642083950613293e-06,2017
2,2.6452715012536412e-06,2017
3,2.6361747114740366e-06,2017
4,2.6319088548461528e-06,2017
5,2.640769712934496e-06,2017
6,2.628607425538323e-06,2017
7,2.6310713467387137e-06,2017
8,2.6397761984076977e-06,2017
9,2.6503950741416415e-06,2017
10,2.647205936777495e-06,2017
11,2.6531592157007747e-06,2017
12,2.686600247029722e-06,2017
13,2.722353979409736e-06,2017
14,2.72778787159192e-06,2017
15,2.7207130971746553e-06,2017
16,2.69332932005817e-06,2017
17,2.706583964089753e-06,2017
18,2.6820849574657373e-06,2017
19,2.734097937420596e-06,2017
20,2.708820325463387e-06,2017
21,2.6720650356539396e-06,2017
22,2.638614938033155e-06,2017
23,2.6165937972034115e-06,2017
24,2.612187370056966e-06,2017
25,2.6093963428269934e-06,2017
26,2.5800924783602026e-06,2017
27,2.5733137390848756e-06,2017
28,2.5954885490317424e-06,2017
29,2.5796356150909683e-06,2017
30,2.578713419515834e-06,2017
31,2.595256265083147e-06,2017
32,2.664789643549985e-06,2017
33,2.6355170202676848e-06,2017
34,2.6003516129875726e-06,2017
35,2.5810906883612856e-06,2017
36,2.573441429815408e-06,2017
37,2.5209180273272086e-06,2017
38,2.5570375263356806e-06,2017
39,2.552923317453554e-06,2017
40,2.5301733382640955e-06,2017
41,2.5476873906997373e-06,2017
42,2.5805844698933786e-06,2017
43,2.591673334916046e-06,2017
44,2.620635743612889e-06,2017
45,2.602181087405316e-06,2017
46,2.517072432250822e-06,2017
47,2.53975030652246e-06,2017
48,2.5535077013452583e-06,2017
49,2.5759432490287253e-06,2017
50,2.5493398838894454e-06,2017
51,2.5137111475322082e-06,2017
52,2.495248673156824e-06,2017
53,2.5025049797456377e-06,2017
54,2.4913483382109976e-06,2017
55,2.4817497982034983e-06,2017
56,2.4987879690322093e-06,2017
57,2.5104538548045035e-06,2017
58,2.5312220784905556e-06,2017
59,2.4509720147402287e-06,2017
60,2.4463248374923637e-06,2017
61,2.4202816231480413e-06,2017
62,2.39587694290654e-06,2017
63,2.346164928228302e-06,2017
64,2.348684764736989e-06,2017
65,2.3747628304424394e-06,2017
66,2.374148720502929e-06,2017
67,2.4279112675732977e-06,2017
68,2.403978361604198e-06,2017
69,2.33986570346019e-06,2017
70,2.3515648895215826e-06,2017
71,2.463934437652204e-06,2017
72,2.4557799421590526e-06,2017
73,2.4010757725735632e-06,2017
74,2.4752680535748015e-06,2017
75,2.6722531495455354e-06,2017
76,2.8105976156754446e-06,2017
77,2.810764122195108e-06,2017
78,2.691565003262366e-06,2017
79,2.557941742728619e-06,2017
80,2.5270448190808385e-06,2017
81,2.653742120097317e-06,2017
82,2.7763617266254683e-06,2017
83,2.7831908483090003e-06,2017
84,2.4747745395056957e-06,2017
85,2.81324086694869e-06,2017
86,2.705023489191928e-06,2017
87,2.5607392320089276e-06,2017
88,2.5112842926766647e-06,2017
89,2.524167638469677e-06,2017
90,2.4938710911865516e-06,2017
91,2.4617511480769044e-06,2017
92,2.4882685123856084e-06,2017
93,2.47169610714219e-06,2017
94,2.608089535862191e-06,2017
95,2.6948116037007324e-06,2017
96,2.6571126416869877e-06,2017
97,2.6735165703656223e-06,2017
98,2.7605454733122847e-06,2017
99,2.699680509309012e-06,2017
100,2.6818802663847587e-06,2017
101,2.6656357841706633e-06,2017
102,2.6584151429693194e-06,2017
103,2.5240127735564176e-06,2017
104,2.4834090487085e-06,2017
105,2.6408036919218833e-06,2017
106,2.7262091878253707e-06,2017
107,2.77269393273292e-06,2017
108,2.685388566380367e-06,2017
109,2.5947332802275604e-06,2017
110,2.516777488266513e-06,2017
111,2.4849467097901298e-06,2017
112,2.7229798571864274e-06,2017
113,2.8136210036020394e-06,2017
114,2.8450202794716926e-06,2017
115,2.8306733592064616e-06,2017
116,2.7441138445148134e-06,2017
117,2.685160764194195e-06,2017
118,2.808950126440948e-06,2017
119,2.9703379292672664e-06,2017
120,3.0535731688274537e-06,2017
121,3.1141564402771163e-06,2017
122,3.1048928179879354e-06,2017
123,3.120075947652742e-06,2017
124,3.1616175520482323e-06,2017
125,3.1268189098158212e-06,2017
126,3.0446154941517634e-06,2017
127,3.04407143915807e-06,2017
128,3.1318212813672746e-06,2017
129,3.2407320388757047e-06,2017
130,3.2247249325941106e-06,2017
131,3.2351025049831744e-06,2017
132,3.329833696210384e-06,2017
133,3.3208988420336442e-06,2017
134,3.1946149717008533e-06,2017
135,3.173978155686242e-06,2017
136,3.1618369652325877e-06,2017
137,3.0908811878693937e-06,2017
138,3.019110147371822e-06,2017
139,3.0347678300602394e-06,2017
140,3.0559017444826244e-06,2017
141,3.0927594852407104e-06,2017
142,3.103370722715299e-06,2017
143,3.0941131388239294e-06,2017
144,3.041565062209239e-06,2017
145,3.032880211711242e-06,2017
146,3.072207771870337e-06,2017
147,3.039676167774329e-06,2017
148,2.997442190721779e-06,2017
149,2.9840055237313502e-06,2017
150,2.97988443313174e-06,2017
151,2.9660240536788126e-06,2017
152,2.954453819314153e-06,2017
153,2.9360516728726635e-06,2017
1,2.74574072414494e-06,2010
2,2.7286796317276874e-06,2010
3,2.746054726224123e-06,2010
4,2.6907310707421345e-06,2010
5,2.6525304949828503e-06,2010
6,2.6247138831122845e-06,2010
7,2.611168793933496e-06,2010
8,2.618696926905558e-06,2010
9,2.5941735159948087e-06,2010
10,2.5939280917849507e-06,2010
11,2.5916160407100707e-06,2010
12,2.6007062023721013e-06,2010
13,2.614351500474003e-06,2010
14,2.6851893541923725e-06,2010
15,2.7033090825881104e-06,2010
16,2.7062859820880385e-06,2010
17,2.7036271510260375e-06,2010
18,2.7101173021383615e-06,2010
19,2.6959814348372445e-06,2010
20,2.68810187511039e-06,2010
21,2.7225311165894883e-06,2010
22,2.710294013470647e-06,2010
23,2.6865387342045162e-06,2010
24,2.688854455131797e-06,2010
25,2.6785204904986926e-06,2010
26,2.6621672870975927e-06,2010
27,2.683285675352811e-06,2010
28,2.6936004760376853e-06,2010
29,2.705432610154055e-06,2010
30,2.678432680424321e-06,2010
31,2.683829602625775e-06,2010
32,2.665732652397994e-06,2010
33,2.6783290156641883e-06,2010
34,2.7113579492490326e-06,2010
35,2.7067866638788027e-06,2010
36,2.773214419533899e-06,2010
37,2.6635040894545627e-06,2010
38,2.6978321991852667e-06,2010
39,2.6745650015484748e-06,2010
40,2.683806843865426e-06,2010
41,2.6668226309359106e-06,2010
42,2.6745713383436622e-06,2010
43,2.756795773829021e-06,2010
44,2.6700968576436785e-06,2010
45,2.675436187375569e-06,2010
46,2.660896420922251e-06,2010
47,2.6672917727683996e-06,2010
48,2.693586589696937e-06,2010
49,2.6447287951910875e-06,2010
50,2.6557361252338276e-06,2010
51,2.6000794099943164e-06,2010
52,2.636538691672057e-06,2010
53,2.626238753456953e-06,2010
54,2.638817657720276e-06,2010
55,2.616153951985153e-06,2010
56,2.5639868523454405e-06,2010
57,2.5195250321197865e-06,2010
58,2.5325609558796853e-06,2010
59,2.535006765809067e-06,2010
60,2.5220586322234505e-06,2010
61,2.5359181834465203e-06,2010
62,2.5573825975365926e-06,2010
63,2.5327100704238127e-06,2010
64,2.496905753800283e-06,2010
65,2.4893716075905885e-06,2010
66,2.489621936519779e-06,2010
67,2.4901561761340245e-06,2010
68,2.482133877219863e-06,2010
69,2.520445876150855e-06,2010
70,2.5040111914898084e-06,2010
71,2.566656569827642e-06,2010
72,2.558702167853996e-06,2010
73,2.4818472108448684e-06,2010
74,2.5586469514485917e-06,2010
75,2.5305721878378972e-06,2010
76,2.4390355885803334e-06,2010
77,2.5320363656120907e-06,2010
78,2.572345281849255e-06,2010
79,2.4841839384993965e-06,2010
80,2.4527458737509274e-06,2010
81,2.364434559293923e-06,2010
82,2.358249648823521e-06,2010
83,2.3221096488234194e-06,2010
84,2.3367597050316465e-06,2010
85,2.403254294388073e-06,2010
86,2.3566973438823695e-06,2010
87,2.3147034950777645e-06,2010
88,2.326818211943571e-06,2010
89,2.3892723598411837e-06,2010
90,2.3592979571815028e-06,2010
91,2.3449238010918912e-06,2010
92,2.3123030353639438e-06,2010
93,2.290559106401464e-06,2010
94,2.2795223285572304e-06,2010
95,2.343250910340439e-06,2010
96,2.3585237714121733e-06,2010
97,2.443239523970655e-06,2010
98,2.4609610431771587e-06,2010
99,2.4261534256898144e-06,2010
100,2.4667750782291464e-06,2010
101,2.512204880617754e-06,2010
102,2.508228410854088e-06,2010
103,2.4479217973359283e-06,2010
104,2.423344442953761e-06,2010
105,2.472089912855851e-06,2010
106,2.531306082798166e-06,2010
107,2.62809864262676e-06,2010
108,2.5879746041063833e-06,2010
109,2.600174001729515e-06,2010
110,2.5395416026085363e-06,2010
111,2.482058995509749e-06,2010
112,2.399489876273587e-06,2010
113,2.435620640387402e-06,2010
114,2.5475199154880906e-06,2010
115,2.6191869490681953e-06,2010
116,2.6332305095683355e-06,2010
117,2.9153454502477103e-06,2010
118,2.8316725288300866e-06,2010
119,2.8067218573246573e-06,2010
120,2.768551694353427e-06,2010
121,2.7395483796644317e-06,2010
122,2.636592697882964e-06,2010
123,2.5597504533592476e-06,2010
124,2.503957337145216e-06,2010
125,2.444109192178465e-06,2010
126,2.4379249518215686e-06,2010
127,2.4238081353541927e-06,2010
128,2.410977323802919e-06,2010
129,2.4205254979181985e-06,2010
130,2.4434677373805572e-06,2010
131,2.420608749267901e-06,2010
132,2.41602222274618e-06,2010
133,2.478947431897068e-06,2010
134,2.520424850576782e-06,2010
135,2.4809338753225857e-06,2010
136,2.4784684395934965e-06,2010
137,2.4714970164473894e-06,2010
138,2.464316306537956e-06,2010
139,2.4969457648369035e-06,2010
140,2.532510299978384e-06,2010
141,2.5617012231701933e-06,2010
142,2.5709219501854354e-06,2010
143,2.563503277004651e-06,2010
144,2.556242742437589e-06,2010
145,2.642639852214594e-06,2010
146,2.6969751027351944e-06,2010
147,2.658419108550277e-06,2010
148,2.6297017178821753e-06,2010
149,2.6621990448467166e-06,2010
150,2.687925070440882e-06,2010
151,2.6693120130151537e-06,2010
152,2.6599826816402698e-06,2010
153,2.6564689549801206e-06,2010
1,2.8221579990690794e-06,2021
2,2.827270263770956e-06,2021
3,2.8228727693120638e-06,2021
4,2.8777480674902063e-06,2021
5,2.821986885281761e-06,2021
6,2.846521897565173e-06,2021
7,2.875621566596145e-06,2021
8,2.859765256459072e-06,2021
9,2.8392059107948577e-06,2021
10,2.845879267768749e-06,2021
11,2.876512703423706e-06,2021
12,2.893271070996818e-06,2021
13,2.859989687155535e-06,2021
14,2.8570997049451646e-06,2021
15,2.8392521719734377e-06,2021
16,2.93313866062758e-06,2021
17,2.928435085197803e-06,2021
18,2.8833482959423254e-06,2021
19,2.910348607530401e-06,2021
20,2.889565949062076e-06,2021
21,2.8219379543095743e-06,2021
22,2.83347529946365e-06,2021
23,2.7998213823847123e-06,2021
24,2.8174708737539705e-06,2021
25,2.8051841710517284e-06,2021
26,2.806760904216954e-06,2021
27,2.8158565769234375e-06,2021
28,2.7740813472448e-06,2021
29,2.7738127636116123e-06,2021
30,2.722259084485016e-06,2021
31,2.6688025604263893e-06,2021
32,2.67039828396282e-06,2021
33,2.6401956889651387e-06,2021
34,2.6067690011355205e-06,2021
35,2.640776922372302e-06,2021
36,2.629553435383976e-06,2021
37,2.624930538236081e-06,2021
38,2.625376824933839e-06,2021
39,2.598479598593495e-06,2021
40,2.6186239155876992e-06,2021
41,2.652818861101502e-06,2021
42,2.6505774224028045e-06,2021
43,2.655771132543535e-06,2021
44,2.6155110317288868e-06,2021
45,2.616948973297577e-06,2021
46,2.5825065223356444e-06,2021
47,2.580175030884459e-06,2021
48,2.551250157120873e-06,2021
49,2.5253119810508596e-06,2021
50,2.484293629334805e-06,2021
51,2.4843764153630883e-06,2021
52,2.447046636016549e-06,2021
53,2.460761482430307e-06,2021
54,2.4853712845193527e-06,2021
55,2.4722513092214452e-06,2021
56,2.4822840652659747e-06,2021
57,2.4505478778628636e-06,2021
58,2.411276099154028e-06,2021
59,2.464477012504886e-06,2021
60,2.5063149322053547e-06,2021
61,2.44146477821633e-06,2021
62,2.427416218221401e-06,2021
63,2.4210216385564982e-06,2021
64,2.3787843408596854e-06,2021
65,2.3756275157126797e-06,2021
66,2.3953952363157646e-06,2021
67,2.3694728031658453e-06,2021
68,2.3543970726456583e-06,2021
69,2.313488030086355e-06,2021
70,2.246957016494941e-06,2021
71,2.292221671879427e-06,2021
72,2.269155505708669e-06,2021
73,2.2277063824043205e-06,2021
74,2.212433489416999e-06,2021
75,2.2695313511426865e-06,2021
76,2.243771190630822e-06,2021
77,2.2299163031490655e-06,2021
78,2.1864669298168455e-06,2021
79,2.2231510401964507e-06,2021
80,2.2335253173892253e-06,2021
81,2.2275892075980595e-06,2021
82,2.286216000428134e-06,2021
83,2.342450206612011e-06,2021
84,2.2476212539176304e-06,2021
85,2.2193043106769354e-06,2021
86,2.1698943417097716e-06,2021
87,2.181360494982346e-06,2021
88,2.1924448513708595e-06,2021
89,2.207868572528624e-06,2021
90,2.1880950607513573e-06,2021
91,2.183167482435774e-06,2021
92,2.1752416886434824e-06,2021
93,2.191033811558018e-06,2021
94,2.1731641786843667e-06,2021
95,2.2172265450736776e-06,2021
96,2.2513383872847026e-06,2021
97,2.2121338144676672e-06,2021
98,2.236970230980162e-06,2021
99,2.223936858387687e-06,2021
100,2.319022708192078e-06,2021
101,2.3689820130870593e-06,2021
102,2.326405756421828e-06,2021
103,2.351881056365209e-06,2021
104,2.258288168566684e-06,2021
105,2.2351617027324675e-06,2021
106,2.2464103987280015e-06,2021
107,2.281345469601435e-06,2021
108,2.2495119288508186e-06,2021
109,2.249803037078095e-06,2021
110,2.266562538439685e-06,2021
111,2.3201908075977664e-06,2021
112,2.330934356629834e-06,2021
113,2.355858096082171e-06,2021
114,2.347860307238282e-06,2021
115,2.339285709101403e-06,2021
116,2.342665103187266e-06,2021
117,2.313455903349135e-06,2021
118,2.301784580858709e-06,2021
119,2.3011070455628093e-06,2021
120,2.2640725200001176e-06,2021
121,2.2547826154215663e-06,2021
122,2.2820851755813973e-06,2021
123,2.273870067865971e-06,2021
124,2.2681528463143818e-06,2021
125,2.300613078707012e-06,2021
126,2.317278868414363e-06,2021
127,2.3363306355268687e-06,2021
128,2.361248503469223e-06,2021
129,2.3407588813645692e-06,2021
130,2.3496853386337624e-06,2021
131,2.3984570457204828e-06,2021
132,2.4329108891597835e-06,2021
133,2.382686186466534e-06,2021
134,2.3659704871328432e-06,2021
135,2.4076872179249265e-06,2021
136,2.4704986758649433e-06,2021
137,2.5581294149865912e-06,2021
138,2.5345243917764875e-06,2021
139,2.5154328631553255e-06,2021
140,2.523554515783286e-06,2021
141,2.4975732144393247e-06,2021
142,2.471749329391727e-06,2021
143,2.4891915156064473e-06,2021
144,2.5840987746651e-06,2021
145,2.6750467644458477e-06,2021
146,2.7701800741909133e-06,2021
147,2.8132148518675834e-06,2021
148,2.8424872794191763e-06,2021
149,2.897864282658408e-06,2021
150,2.9180125503560993e-06,2021
151,2.840161586350813e-06,2021
152,2.813089865394663e-06,2021
153,2.7331718140089794e-06,2021
